Title,New Price
Godzilla,308.87
Playstation 4 500GB Black Console,305.00
Grand Theft Auto V,21.95
Red Dead Redemption 2,27.69
Poop Slinger,2000.32
Call of Duty: Modern Warfare,32.88
Call of Duty: Black Ops 4,12.27
Marvel Spiderman,16.54
The Last of Us Remastered,15.50
Call of Duty Black Ops III,13.67
Call of Duty WWII,10.84
God of War,16.00
Uncharted 4 A Thief's End,12.50
Fallout 4,7.33
NBA 2K20,14.56
Star Wars Jedi: Fallen Order,23.31
Playstation 4 Pro 1TB Kingdom Hearts 3 Console,1335.09
Rory McIlroy PGA Tour,67.76
Gravity Rush Remastered,184.89
Persona 5,16.23
Resident Evil 2,21.77
Days Gone,18.56
Playstation 4 20th Anniversary Gray Console,1500.00
Mortal Kombat 11,18.00
Final Fantasy VII Remake,34.50
Witcher 3: Wild Hunt,19.50
Uncharted The Nathan Drake Collection,13.26
Playstation 4 Pro 1TB Console,396.84
Death Stranding,17.56
Kingdom Hearts III,11.25
Madden NFL 20,11.18
Final Fantasy XV,12.24
Crash Bandicoot N. Sane Trilogy,24.33
Diablo III Reaper of Souls [Ultimate Evil Edition],23.21
Fortnite,127.64
Call of Duty: Infinite Warfare,9.21
Horizon Zero Dawn,17.55
Job Simulator,169.50
Minecraft,24.98
Nier Automata,20.75
Bloodborne,19.97
Doom,19.85
Borderlands 3,11.70
Destiny 2,5.79
Resident Evil 7 Biohazard,19.25
Assassin's Creed Odyssey,17.00
NBA 2K19,8.63
Battlefield 1,6.06
Tom Clancy's The Division 2,8.31
Elder Scrolls V: Skyrim Special Edition,19.94
Mortal Kombat X,19.99
Far Cry 5,17.92
Monster Hunter: World,16.74
Rise of the Tomb Raider [20th Anniversary Celebration],19.50
Batman: Arkham Knight,16.99
Call of Duty Advanced Warfare,22.31
Star Wars: Battlefront II,12.13
Need for Speed,22.31
Sekiro: Shadows Die Twice,34.46
Mortal Kombat XL,17.12
Playstation 4 2TB 500 Million Limited Edition,998.28
Star Wars Battlefront,11.00
Amazing Spiderman 2,82.00
Until Dawn,14.99
Assassin's Creed: Unity [Limited Edition],14.46
Mafia III,16.48
Assassin's Creed: Origins,17.47
Playstation 4 1TB Slim Console,349.50
Spyro Reignited Trilogy,20.99
Borderlands: The Handsome Collection,13.24
Madden NFL 19,8.12
BioShock The Collection,19.00
Persona 5 Take Your Heart [Premium Edition],207.75
Destiny,6.99
No Man's Sky,25.48
Dragon Ball FighterZ,15.57
Dragon Ball Z: Kakarot,20.98
Rainbow Six Siege,11.99
The Outer Worlds,17.99
NBA 2K18,6.00
Fallout 76,10.00
Watch Dogs 2,13.33
Ultimate Marvel vs Capcom 3,149.41
Devil May Cry 5,18.96
Dragon Ball Xenoverse 2 [Day One],20.00
Dragon Quest XI: Echoes of an Elusive Age,18.00
Tekken 7,17.16
Tom Clancy's The Division,10.52
Playstation 4 Pro 1TB Spiderman Console,617.97
Call of Duty Ghosts,20.17
Shantae Risky's Revenge,102.50
Dying Light,14.96
Dark Souls III,14.41
Injustice 2,13.96
Middle Earth: Shadow of Mordor,8.00
UFC 3,16.00
Far Cry 4 [Limited Edition],13.23
Middle Earth: Shadow of War,7.55
Nioh,11.26
Terminator Resistance,67.00
Battlefield V,13.81
Far Cry Primal,15.29
Ratchet & Clank,14.95
Tomb Raider [Definitive Edition],17.75
Assassin's Creed Syndicate,18.33
Kingdom Hearts HD 1.5 + 2.5 Remix,20.99
Watch Dogs,14.75
Battlefield 4,14.34
South Park: The Fractured But Whole,10.00
Doom Eternal,23.22
Shadow of the Colossus,40.50
Overwatch Origins Edition,20.99
Resident Evil 7 Biohazard [Collector's Edition],643.99
Need for Speed Heat,21.05
Killzone: Shadow Fall,12.99
Need for Speed Payback,16.36
Uncharted: The Lost Legacy,15.47
Playstation VR Headset,285.52
Titanfall 2,8.05
Ghost Recon Breakpoint,10.71
Detroit Become Human,18.32
God of War III: Remastered,13.93
Jump Force,16.90
Resident Evil 4,16.49
Deadpool,50.00
Ghost Recon Wildlands,16.58
The Evil Within,31.65
Infamous Second Son,14.62
Final Fantasy XV [Ultimate Collector's Edition],313.65
The Order: 1886,14.53
MLB The Show 19,8.75
Gran Turismo Sport,15.55
LittleBigPlanet 3,13.01
Need for Speed Rivals,15.38
Call of Duty: Infinite Warfare Legacy Edition,12.95
Final Fantasy X X-2 HD Remaster,16.94
Madden NFL 18,5.32
The Evil Within 2,9.14
Final Fantasy X X-2 HD Remaster [Limited Edition],66.93
Just Cause 3,13.04
Assassin's Creed IV: Black Flag,14.98
Street Fighter V,21.28
Wolfenstein II: The New Colossus,9.99
Call of Duty Advanced Warfare [Day Zero],19.99
Persona 5 [Steelbook Edition],71.45
Dark Souls Trilogy,172.58
Playstation 4 Pro 1TB Death Stranding Console,615.87
Control,15.12
Dragon Age: Inquisition,16.44
Playstation 4 Dualshock 4 Black Controller,48.50
Metal Gear Solid V: The Phantom Pain,11.79
7 Days to Die,89.10
The Last Guardian,26.48
Playstation 4 500GB Slim Console,310.00
Far Cry 4,12.90
Dishonored 2,9.43
Darksiders III,10.66
The Yakuza Remastered Collection,44.95
Battlefield Hardline,13.05
Madden NFL 17,6.68
Playstation 4 1TB God of War Console,578.41
Mass Effect Andromeda,8.61
Shadow of The Tomb Raider,16.95
WWE 2K20,27.59
Final Fantasy Type-0 HD,22.32
Resident Evil Origins Collection,20.20
Yakuza 0 [Business Launch Edition],159.71
A Way Out,49.72
Ark Survival Evolved,21.00
Final Fantasy XII: The Zodiac Age,28.04
Ni no Kuni II Revenant Kingdom,14.99
River City Girls,100.39
Injustice: Gods Among Us Ultimate Edition,14.97
Revenge of the Bird King,132.00
Ys VIII Lacrimosa of DANA,137.48
Gravity Rush 2,26.89
Catherine: Full Body,30.00
Marvel vs Capcom: Infinite,30.83
Dishonored [Definitive Edition],24.81
NBA 2K17,8.53
Crash Team Racing: Nitro Fueled,25.22
Far Cry: New Dawn,15.50
Metal Gear Solid V: The Phantom Pain [Day One],19.05
Call of Duty: Modern Warfare Remastered,26.54
Elder Scrolls Online: Tamriel Unlimited,7.02
Dragon Ball Xenoverse,15.58
Secret of Mana,24.47
Playstation 4 1TB Slim Days of Play Console,349.69
WWE 2K19,41.00
Mad Max,21.33
Resident Evil 3,30.70
Diablo III Eternal Collection,34.82
Call of Duty Black Ops III Juggernog Edition,714.96
Prey,11.78
Elder Scrolls V: Skyrim VR,22.00
Kingdom Hearts HD 2.8 Final Chapter Prologue,13.77
Sims 4,15.11
Yakuza 0,38.00
Kingdom Hearts: The Story So Far,22.71
Playstation 4 500GB Taco Bell Gold Console,500.01
Anthem,7.00
Rock Band 4,52.00
Madden NFL 16,9.49
Rocket League [Collector's Edition],25.47
NBA 2K16,12.77
Metal Wolf Chaos XD,17.75
For Honor,8.77
World War Z,20.33
Batman: Return to Arkham,17.27
Dying Light The Following Enhanced Edition,30.21
Just Cause 4,10.49
.hack GU Last Recode,19.87
Deus Ex: Mankind Divided,5.89
FIFA 20,8.00
Playstation 4 Dualshock 4 20th Anniversary Controller,111.67
Soul Calibur VI,16.38
Berserk and the Band of the Hawk,108.75
Final Fantasy XV [Deluxe Edition],52.87
Friday the 13th,15.00
MediEvil,16.00
Shantae and the Pirate's Curse,142.50
Playstation 4 1TB Final Fantasy XV Console,758.15
FIFA 19,8.55
MLB The Show 18,8.02
Rage 2,10.01
Bloodstained: Ritual of the Night,16.06
Injustice 2 [Legendary Edition],22.27
Naruto Shippuden Ultimate Ninja Storm 4,18.49
Ace Combat 7 Skies Unknown,19.69
Mortal Kombat X [Kollector's Edition Amazon Exclusive],214.44
Wolfenstein: The New Order,16.33
Evolve,13.45
Resident Evil 6,19.50
Assassin's Creed: Unity,12.08
Destiny: Taken King Legendary Edition,9.95
Dragon Ball Xenoverse 2,15.88
Playstation 4 Pro 1TB Star Wars Battlefront II Console,520.00
Firewatch,144.72
Resident Evil 5,17.69
Resident Evil 7 Biohazard [Gold Edition],25.45
Alien: Isolation,22.59
Horizon Zero Dawn [Collector's Edition],238.37
Nier Automata [Collector's Edition],1320.33
Outlast Trinity,64.30
Senran Kagura Peach Beach Splash,35.78
Danganronpa Trilogy,181.23
J-Stars Victory VS+,49.99
Playstation 4 500GB Console Uncharted 4 Bundle,310.23
Playstation 4 Pro 1TB Monster Hunter World Console,590.13
Sinking City,22.07
UFC 2,10.99
Infamous Second Son [Limited Edition],15.95
Jak and Daxter The Precursor Legacy,188.93
Metro Exodus,16.99
NBA 2K15,7.86
Mega Man 11,15.50
Shadow Warrior 2,150.98
Jurassic World Evolution,27.36
Blasphemous,103.00
Battleborn,6.00
WWE 2K17,20.48
Dissidia Final Fantasy NT,10.99
Star Wars Battlefront Deluxe Edition,13.37
Playstation 4 500GB Destiny Console Bundle,417.55
Atelier Ryza: Ever Darkness and the Secret Hideout,46.81
Hitman 2,17.08
Playstation 4 1TB Slim Days of Play 2019 Console,396.50
WWE 2K18,15.93
Dark Souls Remastered,20.22
Madden NFL 15,10.00
Assassin's Creed The Ezio Collection,15.99
Tony Hawk 5,18.76
Dreams,19.00
Blood & Truth,15.99
Guitar Hero Live Bundle,155.00
Dark Pictures Anthology: Man of Medan,17.94
Dark Souls II: Scholar of the First Sin,21.00
Judgment,25.23
Knack,21.58
Layers of Fear,141.25
Night Trap,57.28
Samurai Shodown,26.27
Bloodstained: Curse of the Moon,121.05
Resident Evil Revelations 2,18.99
NHL 20,10.00
Raiden V: Director's Cut Limited Edition,29.99
Dragon Quest Heroes,16.99
Metro Redux,21.09
Shantae Half-Genie Hero,46.56
Blue Reflection,147.32
MLB The Show 17,5.00
Playstation 4 500GB Star Wars Battlefront Bundle,419.99
Yakuza Kiwami,22.81
Mega Man X Legacy Collection 1 + 2,35.17
Naruto Shippuden Ultimate Ninja Storm 4 Road to Boruto,18.25
Overwatch [Collector's Edition],164.10
Dragon's Lair Trilogy,120.00
Playstation 4 1TB Slim Gold Console,458.43
World of Final Fantasy,15.43
Persona Dancing: Endless Night Collection,68.88
Senran Kagura Estival Versus Endless Summer Edition,124.99
Big Chungus,14.04
FIFA 18,5.73
Life Is Strange Limited Edition,100.00
Metal Gear Solid V: Ground Zeroes,14.76
Star Wars: Battlefront II Deluxe Edition,26.84
DriveClub,17.49
Indivisible,13.15
LEGO Harry Potter Collection,14.64
NHL 19,6.00
Metal Gear Solid V: The Phantom Pain [Collector's Edition],153.50
Odin Sphere Leifthrasir,39.89
Playstation 4 Dualshock 4 500 Million Controller,89.99
Stardew Valley Collector's Edition,18.00
Vampyr,21.20
MLB 16: The Show,7.00
Playstation 4 500GB Batman Arkham Knight Console,449.00
Sword Art Online: Lost Song,14.43
Teenage Mutant Ninja Turtles Mutants in Manhattan,98.97
Batman: Arkham VR,14.97
Dark Souls III: The Fire Fades Edition,21.07
Oddworld New 'n Tasty,154.53
Star Ocean Integrity and Faithlessness,14.99
Dead by Daylight,20.93
Playstation 4 Pro 1TB Call of Duty WWII Console,380.50
Uncharted 4 A Thief's End [Special Edition],65.00
Mirror's Edge Catalyst,10.99
Tales of Zestiria,21.00
Agents of Mayhem,7.40
Bayonetta and Vanquish 10th Anniversary Bundle,29.99
Tales of Berseria,18.57
The Walking Dead: The Telltale Definitive Series,26.85
Hellblade Senua's Sacrifice,22.95
Onechanbara Z2: Chaos Banana Split Edition,60.00
Digimon Story: Cyber Sleuth,34.32
LEGO Marvel's Avengers,11.91
Star Wars Bounty Hunter,60.37
GreedFall,20.00
Psychonauts,48.15
Shenmue III,11.00
God Eater 2 Rage Burst,19.23
LEGO Marvel Super Heroes,16.13
LEGO Marvel Super Heroes 2,13.10
Digimon World: Next Order,22.24
Sonic Mania Plus,29.51
Yakuza 6: The Song of Life,23.46
Shenmue I & II,25.67
The Crew 2,19.11
Code Vein,13.00
Life Is Strange,23.94
Okami HD,20.50
Saturday Morning RPG,74.07
We Happy Few,9.15
Plants vs. Zombies: Garden Warfare,14.13
Dragon's Crown Pro,21.23
LEGO DC Super Villains,16.74
Naruto to Boruto: Shinobi Striker,20.77
Uncharted 4 A Thief's End [Libertalia Collector's Edition],188.39
Fist of the North Star: Lost Paradise,31.99
Monster Hunter: World Iceborne Master Edition,37.32
Playstation 4 Pro 1TB Destiny 2 Console,569.36
Final Fantasy Type-0 HD [Collector's Edition],80.50
NBA Live 15,9.00
PlayerUnknown's Battlegrounds,12.00
Tales of Vesperia Definitive Edition,17.85
Firewall Zero Hour,12.00
Sniper Elite 4,18.88
Astro Bot Rescue Mission,18.99
Dark Souls III [Collector's Edition],185.28
Doom VFR,17.19
Ghostbusters,19.97
Mega Man Legacy Collection,19.87
NBA 2K14,13.00
Playstation 4 500GB Last of Us Remastered Console Bundle,298.77
Burnout Paradise Remastered,16.50
Danganronpa 1-2 Reload,65.00
Divinity: Original Sin [Enhanced Edition],40.00
LEGO Worlds,14.01
Persona 5: Dancing in Starlight,49.23
Rez Infinite,81.57
Fallout 4 Pip-Boy Edition,111.38
Odin Sphere Leifthrasir Storybook Edition,125.00
World of Final Fantasy [Collector's Edition],167.49
Ni no Kuni: Wrath of the White Witch,18.35
Witcher 3: Wild Hunt [Collector's Edition],477.75
Danganronpa Another Episode: Ultra Despair Girls,60.11
UFC,22.24
King of Fighters XIV,29.99
Call of Duty Black Ops III Zombie Chronicles,29.26
Persona 3: Dancing in Moonlight,24.66
Playstation 4 Dualshock 4 Black Ops III Controller,136.73
Power Rangers: Battle for the Grid,23.97
FIFA 17,5.46
Plants vs. Zombies: Garden Warfare 2,11.88
Yakuza Kiwami 2,51.00
Home Sweet Home,55.88
Ghostbusters: The Video Game Remastered,18.68
Gris,83.69
Mega Man Legacy Collection Special Edition,141.79
Metal Gear Solid V The Definitive Experience,24.52
The Last Guardian [Collector's Edition],138.09
Thief,10.89
Wargroove Deluxe Edition,15.25
Digimon Story: Cyber Sleuth Hackers Memory,18.50
FIFA 16,4.30
Guitar Hero Live [2 Pack Bundle],175.00
A Plague Tale: Innocence,28.99
King of Fighters XIV Burn to Fight [Premium Edition],64.97
Penguin Wars,15.98
Sonic Mania Collector's Edition,81.50
L.A. Noire,26.31
Observer,136.00
Street Fighter 30th Anniversary Collection,19.02
Alien: Isolation [Nostromo Edition],38.85
Heavy Rain & Beyond Two Souls,19.55
LEGO Batman 3: Beyond Gotham,15.28
Madden NFL 25,16.67
Naruto Shippuden: Ultimate Ninja Storm Legacy,205.88
Tetris Effect,27.01
Accounting +,35.00
Doom Slayers Collection,18.84
Jak II,63.00
Valkyria Chronicles Remastered,28.91
Akiba's Trip: Undead & Undressed,41.00
Hollow Knight,40.00
Guilty Gear Xrd: Sign,19.89
LEGO Star Wars The Force Awakens,14.07
Playstation 4 500GB Disney Infinity Star Wars Console Bundle,342.11
Batman: The Telltale Series,12.95
Battlefield 1 Early Enlister Deluxe Edition,8.50
Legend of Heroes: Trails of Cold Steel III,64.00
Pac-Man Championship Edition 2 + Arcade Game Series,17.74
Playstation 4 1TB Black Ops III Console,429.68
Shovel Knight,28.00
Witcher 3: Blood and Wine,70.00
Madden NFL 18 GOAT Edition,18.92
Playstation 4 Dualshock 4 Darth Vader Controller,97.32
Dragon Quest Heroes II,13.00
Hitman: Definitive Edition,19.48
Playstation 4 500GB Destiny Taken King Console Bundle,433.76
Resident Evil Revelations,19.90
Sleeping Dogs: Definitive Edition,19.99
Transformers: Devastation,33.87
The Crew Wild Run Edition,16.93
Aragami Collector's Edition,44.81
Assassin's Creed III Remastered,14.92
Bloodborne [Collector's Edition],224.77
Borderlands: The Handsome Collection [Claptrap-in-a-Box],329.99
Dead or Alive 6,21.76
MLB 14: The Show,7.62
Mega Man Legacy Collection 2,17.38
Playstation 4 Dualshock 4 Blue Controller,47.82
Yooka-Laylee,18.31
Homefront The Revolution,10.00
Dead Cells,18.45
FIFA 15,7.48
Inside Limbo Double Pack,34.08
Metal Slug 3,57.50
NBA 2K Playgrounds 2,16.00
The Crew,13.34
Wreckfest,20.93
Contra Rogue Corps,16.47
White Day,32.97
Guilty Gear Xrd Rev 2,25.01
Hatsune Miku: Project Diva X,44.66
Knack II,14.10
Playstation 4 Dualshock 4 Berry Blue Controller,73.26
Sniper Ghost Warrior 3,19.01
Danganronpa V3: Killing Harmony,85.00
Final Fantasy XIV: A Realm Reborn,23.20
Playstation 4 Dualshock 4 Gray Blue Controller,54.00
Tales of Berseria [Collector's Edition],394.97
Dragon Quest Builders,14.98
Hello Neighbor,15.51
Hyper Light Drifter,65.11
Mighty No. 9,7.29
Shadow Complex Remastered,75.53
Attack on Titan,69.99
Metal Gear Survive,10.28
NBA Live 19,15.76
Yakuza Kiwami [Steelbook Edition],39.28
DMC: Devil May Cry [Definitive Edition],14.12
Jak 3,54.86
LEGO The Hobbit,24.95
Lords of the Fallen Collector's Edition,131.39
Utawarerumono: Mask of Deception,48.76
Valkyria Chronicles 4,23.50
Wonder Boy,36.36
Dragon Quest Builders 2,15.59
Spyro Reignited Trilogy & Crash Bandicoot N Sane Trilogy,72.50
Wonder Boy The Dragon's Trap,38.41
Celeste,66.62
Close to the Sun,17.95
Creed: Rise to Glory,28.00
LEGO The Incredibles,16.99
One Piece Burning Blood,17.52
Trine 4: The Nightmare Prince,12.14
Wolfenstein The New Order and The Old Blood,19.36
Back to the Future: The Game 30th Anniversary,81.91
Fire Pro Wrestling World,39.75
Monkey King: Hero is Back,10.22
Until Dawn: Rush of Blood,17.40
Zombie Army Trilogy,31.34
Concrete Genie,12.86
Disgaea 5: Alliance of Vengeance,20.09
Legend of Heroes: Trails of Cold Steel,97.44
Little Nightmares Six Edition,177.50
The Walking Dead Collection,29.04
Zone of the Enders 2nd Runner Mars,14.00
MLB The Show 20,14.00
PlayStation VR Worlds,14.23
Playstation 4 Dualshock 4 Gold Controller,49.99
The Messenger,123.09
Devil May Cry HD Collection,22.94
Dissidia Final Fantasy NT Collector's Edition,92.65
Farpoint [Bundle],94.98
Hitman The Complete First Season,17.50
Jak X: Combat Racing,45.22
Left Alive,10.00
Playstation 4 Dualshock 4 White Crystal Controller,53.96
Baldur's Gate 1 & 2 Enhanced Edition,24.23
Dynasty Warriors 9,17.88
Killing Floor 2,22.50
Sword Art Online: Hollow Realization,19.77
Undertale Collector's Edition,172.50
Double Dragon IV,60.00
Farming Simulator 19,21.79
For Honor Apollyon Collector's Edition,140.00
My Hero One's Justice,22.28
Remothered: Tormented Fathers,34.00
Subnautica,20.93
Wolf Among Us,21.91
Car Mechanic Simulator,30.99
Earth's Dawn,17.06
Injustice 2 Ultimate Edition,21.58
LEGO Jurassic World,15.88
Playstation 4 Dualshock 4 Blue Crystal Controller,80.44
Playstation 4 Dualshock 4 Steel Black Controller,65.00
Rick and Morty Virtual Rick-ality,19.70
Shadow Warrior,19.49
Skullgirls 2nd Encore,86.00
The Surge,19.75
The Walking Dead [Game of the Year],19.74
LEGO Dimensions Starter Pack,104.31
Playstation 4 Dualshock 4 Red Controller,50.50
Playstation 4 Dualshock 4 White Controller,44.12
Sword Art Online: Fatal Bullet,19.98
Batman: Arkham Knight Serious Edition,149.89
Conan Exiles,21.20
Duke Nukem 3D 20th Anniversary World Tour,56.71
Psychonauts In the Rhombus of Ruin,16.95
Undertale,49.99
Witch and the Hundred Knight Revival [Limited Edition],124.99
XCOM 2,10.82
Ys Origin,57.95
Final Fantasy XIV Online Complete Edition,25.79
Mortal Kombat X [Kollector's Edition],124.08
Nioh 2,13.40
Rime,12.95
Sexy Brutale,22.23
The Walking Dead: A New Frontier,10.60
NASCAR Heat 4,12.23
Aim Controller,173.00
Darksiders II: Deathinitive Edition,20.37
Farpoint,13.75
Kingdom Hearts HD 2.8 Final Chapter Prologue Limited Edition,24.50
Psyvariar Delta,13.55
Xeodrifter,44.56
Destiny 2 Forsaken Legendary Collection,6.00
Dishonored 2 [Limited Edition],10.89
Gundam Versus,20.32
Inpatient,14.00
Minecraft: Story Mode Complete Adventure,34.00
Playstation VR Demo Disc 2.0,16.00
Tearaway Unfolded,13.41
WWE 2K15,34.88
428 Shibuya Scramble,45.22
Bendy and the Ink Machine,18.31
Destiny 2 Collector's Edition,129.98
Farming Simulator 15,17.74
Golf Club 2019,16.25
Little Nightmares Complete Edition,46.00
Nights of Azure,36.00
Sonic Forces,18.45
AI: The Somnium Files,100.00
Dragon's Dogma: Dark Arisen,24.38
Kingdom Come Deliverance,12.95
Playstation 4 Dualshock 4 Alpine Green Controller,69.36
Team Sonic Racing,20.99
Zombie Army 4: Dead War,32.00
Among the Sleep,28.88
Call of Duty Black Ops III Hardened Edition,50.00
Dirt 4,21.99
Dragon Ball Xenoverse 2 [Collector's Edition],165.09
Guilty Gear Xrd Revelator,11.82
NBA 2K17 [Legend Edition],57.85
Saints Row IV: Re-Elected & Gat Out of Hell,31.99
Seven Deadly Sins: Knights of Britannia,19.18
That's You,4.87
Abzu,29.99
Bladestorm: Nightmare,17.00
Dariusburst CS,79.99
Destiny The Collection,22.33
Gran Turismo Sport [Limited Edition],30.84
Just Cause 3 Collector's Edition,42.33
Parappa the Rapper,37.37
Sega Genesis Classics,22.17
Steep,19.88
Summon Night 6 Lost Borders,34.38
WWE 2K16,28.30
Dragon Age: Inquisition Inquisitor's Edition,278.58
Dragon Ball FighterZ Collectorz Edition,153.51
The Surge 2,14.45
ToeJam and Earl: Back in the Groove,49.52
Batman: Arkham Knight [Limited Edition],191.19
EVE Valkyrie VR,12.14
Hidden Agenda,10.84
Journey to the Savage Planet,17.74
Lichdom: Battlemage,11.71
Rocksmith 2014 Edition,35.28
Root Letter: Last Answer,22.99
Super Bomberman R,22.42
Transformers: Rise of the Dark Spark,64.97
Wild Guns Reloaded,22.00
Wipeout Omega Collection,23.36
Axiom Verge,18.53
Banner Saga Trilogy,13.72
Bulletstorm: Full Clip Edition,17.49
Call of Cthulhu,19.99
Dead Rising,19.74
Destiny: Taken King Collector's Edition,107.45
Elder Scrolls Online: Morrowind,7.73
Lords of the Fallen,14.20
NBA 2K17 [Legend Edition Gold],29.21
One Piece: Pirate Warriors 3,31.00
Tokyo Xanadu EX+,36.61
Ys Origin Collector's Edition,111.88
Assassin's Creed: Unity [Collector's Edition],104.84
Bound by Flame,12.32
Gang Beasts,19.24
God Wars Future Past,12.50
South Park: The Stick of Truth,26.71
Terraria,17.33
Dead Rising 4 Franks Big Package,23.75
Grand Kingdom Limited Edition,44.54
LittleBigPlanet 3: Day 1 Edition,12.36
Middle Earth: Shadow of War [Mithril Edition],294.65
NHL 18,7.00
Torment: Tides Of Numenera,11.19
Battle Chasers: Nightwar,12.71
Cladun Returns: This is Sengoku,15.27
Dynasty Warriors 8: Xtreme Legends [Complete Edition],20.67
Loading Human: Chapter 1,9.00
MLB 15: The Show,11.36
Minecraft: Story Mode Season Pass,18.42
Playstation VR Demo Disc 3,14.30
Air Conflicts: Vietnam Ultimate Edition,18.02
Arcania: The Complete Tale,12.15
Call of Duty: Infinite Warfare Legacy Pro Edition,57.85
Dark Rose Valkyrie,19.41
Giana Sisters Twisted Dreams Director's Cut,44.00
Infamous Second Son [Collector's Edition],179.99
Liar Princess and the Blind Prince,56.49
Shining Resonance Refrain: Draconic Launch Edition,28.00
The Walking Dead: Final Season,33.00
Valkyria Revolution,12.26
Wolfenstein: The Old Blood,16.10
Batman: The Enemy Within,20.14
Battle Garegga,76.04
BlazBlue Cross Tag Battle,26.55
Earth Defense Force 4.1: The Shadow of New Despair,18.27
Final Fantasy XIV Online: Heavensward,7.75
Project Cars,15.02
River City Melee,37.51
Rock Band Rivals Guitar Bundle,275.44
The Talos Principle: Deluxe Edition,35.00
Warriors Orochi 3: Ultimate,33.50
Axiom Verge Multiverse Edition,28.48
Dead Rising 2,17.47
Everybody's Golf,11.71
Extinction,7.51
Geometry Wars 3: Dimensions Evolved,5.50
Harvest Moon Light of Hope,14.32
Murdered: Soul Suspect,15.99
Retro City Rampage DX,49.92
Star Wars Racer Revenge,40.00
The Walking Dead: Season Two,12.32
Zero Escape The Nonary Games,31.00
Assault Suit Leynos,30.55
Blacksad: Under the Skin,15.73
Call of Duty Advanced Warfare [Atlas Limited Edition],33.99
Cursed Castilla EX,156.00
Dead Island Definitive Edition,24.84
Destiny [Ghost Edition],183.74
Toukiden: Kiwami,15.67
Dragon Ball Xenoverse Day One,15.95
Life is Strange 2,21.01
Middle Earth: Shadow of Mordor [Game of the Year],23.40
Nights of Azure 2: Bride of the New Moon,26.71
Rayman Legends,16.56
Sniper Elite III,15.71
Ark Park,102.59
Assassin's Creed Syndicate [Gold Edition],31.39
Binding of Isaac Afterbirth+,51.85
Caladrius Blaze,64.00
Earthfall Deluxe Edition,15.36
Natural Doctrine,19.05
Playstation 4 Dualshock 4 Urban Camo Controller,52.00
Song of the Deep,23.49
Attack on Titan 2,120.00
Cyberdimension Neptunia: 4 Goddesses Online,44.00
Disney Classic Games: Aladdin and The Lion King,13.70
Dragon Quest Heroes [Collector's Edition],77.33
Kill La Kill-IF,36.14
LEGO City Undercover,18.52
Onimusha Warlords,20.79
Rad Rodgers,15.15
Salt & Sanctuary,86.27
Sony Gold Wireless Stereo Headset Uncharted 4,190.26
VR Demo Disc,7.76
Blade Strangers,35.78
Corpse Killer,45.13
Danganronpa 1-2 Limited Edition,152.47
Destiny [Limited Edition],59.99
Elder Scrolls Online Gold Edition,11.18
Frostpunk: Console Edition,23.24
Mutant Year Zero: Road to Eden,14.29
Shaq Fu: A Legend Reborn,10.11
Sine Mora EX,19.99
Warhammer The End Times Vermintide,14.95
XCOM 2 Collection,27.87
2064: Read Only Memories,36.95
Angry Birds Star Wars,31.47
Atelier Sophie: The Alchemist of the Mysterious Book,61.25
Dragon Age: Inquisition Deluxe Edition,18.65
Moss,85.26
Risk of Rain 2,17.00
Rive,20.91
School Girl Zombie Hunter,20.65
Akiba's Beat,17.37
Atelier Lydie & Suelle,30.97
Granblue Fantasy: Versus,35.64
Grim Fandango Remastered,118.50
Guardians of the Galaxy,18.13
Guilty Gear Xrd: Sign [Limited Edition],53.67
NASCAR Heat 3,18.47
NBA Live 14,8.38
NHL 15,7.36
Prototype Biohazard Bundle,32.45
Tokyo Twilight Ghost Hunters Daybreak Special Gigs,7.47
Watch Dogs [Limited Edition],77.65
Atari Flashback Classics Vol 1,24.87
BlazBlue: Central Fiction Limited Edition,137.50
Brothers,21.94
Dariusburst CS Limited Edition,125.57
Darksiders Genesis,16.07
FIFA 14,7.91
Helldivers: Super-Earth Ultimate Edition,25.99
Life is Strange: Before the Storm,11.00
Playstation 4 Dualshock 4 Electric Purple Controller,89.69
Playstation 4 Dualshock 4 Sunset Orange Controller,69.56
Project Highrise Architect's Edition,3.55
Strange Brigade,15.00
Tekken 7 [Collector's Edition],150.70
Cars 3 Driven to Win,14.77
Elder Scrolls Online: Elsweyr,10.75
Everspace,17.52
Hello Neighbor Hide & Seek,16.23
King of Fighters 97 Global Match,90.00
Lock's Quest,9.92
Metal Max Xeno,20.77
Syberia 3,10.00
25th Ward: Silver Case,35.78
Apex Construct,15.00
Assassin's Creed Chronicles,21.78
Deracine,22.19
Dirt Rally,31.84
Farming Simulator 17,11.54
Golf Club Collector's Edition,18.79
Minecraft: Story Mode Season Two,24.97
Momodora,38.53
Nex Machina,54.80
Nights of Azure Limited Edition,203.22
Playstation 4 Dualshock 4 Midnight Blue Controller,50.98
Red Faction,24.75
Robinson The Journey VR,44.66
Rock Band 4 Plus Rivals Expansion,81.58
Tales From the Borderlands,29.42
Agony,24.20
Flinthook,24.53
LEGO Star Wars The Force Awakens Deluxe Edition,21.09
Monster Boy and the Cursed Kingdom,74.17
NERO Nothing Ever Remains Obscure,54.24
Quar: Infernal Machines,13.27
Sparklite,16.90
Starblood Arena VR,10.11
Toy Soldiers War Chest Hall of Fame Edition,13.71
Wasteland 2: Director's Cut,22.99
Wolfenstein Youngblood,9.82
Astroneer,18.97
Brunswick Pro Bowling,57.79
Fortnite: Deep Freeze,39.67
MudRunner,23.99
Stick it to the Man,10.72
Assetto Corsa,21.87
Crystar,129.00
Dead or Alive 5 Last Round,19.85
DriveClub VR,24.13
Eagle Flight VR,17.01
Exist Archive: The Other Side of the Sky,15.00
Grand Kingdom,22.25
NASCAR Heat Evolution,23.89
NHL 17,7.96
Playstation 4 Dualshock 4 Blue Camo Controller,49.97
Playstation 4 Dualshock 4 Red Crystal Controller,50.00
Rocksmith 2014 Edition Remastered,48.17
Shadow Warrior 2 Collector's Edition,122.51
Slay the Spire,14.00
Styx: Shards of Darkness,14.54
TrackMania Turbo,21.21
Assassin's Creed: Origins Dawn of the Creed Collector's Edition,349.00
Battlezone VR,15.66
Carmageddon Max Damage,17.02
DayZ,43.98
Disney Infinity 3.0,27.72
Hasbro Family Fun Pack,15.56
Rabi RiBi,65.29
Redout,14.47
Silver Case,24.24
Starlink: Battle for Atlas [Starter Pack],12.17
Trials Fusion,16.00
Valkyria Revolution: Vanargand Edition,20.69
Blazing Chrome,80.00
Dragon Fantasy: The Black Tome of Ice,38.88
Final Fantasy XIV Complete Edition,39.99
Gunvolt Chronicles Luminous Avenger IX,50.00
LEGO Marvel Collection,22.06
Lumo,15.48
Mystery Chronicle One Way Heroics,29.00
NHL 16,5.99
Playstation 4 500GB Slim Console Infinite Warfare Bundle,325.40
Root Letter,21.17
Touhou Genso Rondo Bullet Ballet,23.44
Tour de France Season 2019,25.76
Utawarerumono: Mask of Truth,29.99
Witcher 3: Hearts of Stone,49.30
Zombieland Double Tap Roadtrip,11.80
Atelier Firis: The Alchemist and the Mysterious Journey,74.29
Citadel: Forged with Fire,16.60
Deception IV: The Nightmare Princess,67.47
Dishonored: Death of the Outsider,12.80
Enter the Gungeon,34.75
Fairy Fencer F Advent Dark Force,66.75
Invisible Hours,18.23
Mass Effect Andromeda Deluxe Edition,18.50
Megadimension Neptunia VII,24.76
Middle Earth: Shadow of War [Gold Edition],25.77
NBA Live 18,7.15
New Gundam Breaker,14.87
Playstation 4 Camera,78.50
Playstation 4 Dualshock 4 Titanium Blue Controller,52.54
South Park: The Fractured But Whole Coon Bundle,89.41
The Hunter: Call of the Wild,17.63
Trine: Ultimate Collection,21.31
Witch and the Hundred Knight 2,58.00
Atari Flashback Classics Vol 2,14.86
Atelier Lulua: The Scion of Arland,105.00
Azur Lane: Crosswave,66.13
Call of Duty Ghosts [Hardened Edition],42.80
Destiny 2 [Limited Edition],34.00
Jackbox Party Pack,37.67
Jumanji: The Video Game,17.50
MLB The Show 17 Hall of Fame Edition,86.09
MX vs ATV Supercross Encore Edition,19.99
NBA 2K18 [Legend Edition Gold],19.97
Shining Resonance Refrain,22.44
Star Wars Battlefront Ultimate Edition,21.89
The Girl and the Robot Deluxe Edition,24.37
Tropico 5,19.89
Under Night In-Birth Exe:Late St,39.58
Dragon Star Varnir,47.99
King's Quest The Complete Collection,24.85
Omega Quintet,21.77
Payday 2: Crimewave,13.25
Pillars of Eternity Complete Edition,23.00
Playstation 4 Dualshock 4 Red Camo Controller,51.80
Putty Squad,11.26
Samurai Warriors 4,38.92
SteamWorld Collection,14.86
Yonder: The Cloud Catcher Chronicles,18.37
Absolver,37.88
Alliance Alive HD Remastered,25.45
Asdivine Hearts,37.50
Assassin's Creed Rogue: Remastered,20.94
Beast Quest,9.33
BlazBlue: Central Fiction,33.50
BlazBlue: Chrono Phantasma Extend,36.40
Disgaea 1 Complete,27.82
Disgaea 4 Complete+,24.99
Game of Thrones A Telltale Games Series,38.58
Grip: Combat Racing,19.76
Mutant Football League Dynasty Edition,14.82
Owlboy,20.68
Owlboy Limited Edition,42.13
Prison Architect,22.72
Road Rage,18.90
Sniper Ghost Warrior: Contracts,22.97
Star Trek Bridge Crew,20.99
Vikings: Wolves of Midgard,24.40
Call of Duty Black Ops III Gold Edition,18.51
Deformers,14.99
God Eater 3,18.08
LEGO Movie Videogame,14.66
Madden 19 & FIFA 19,20.00
NASCAR Heat 2,23.78
NBA 2K16 [Michael Jordan Special Edition],81.69
Ninja Saviors: Return of the Warriors,29.81
One Piece: World Seeker,25.00
Utawarerumono Zan Unmasked Edition,40.54
Valfaris,23.64
WRC 5,17.52
Yomawari Midnight Shadows,57.81
Dollhouse,49.44
Fade to Silence,13.70
Final Fantasy XIV: A Realm Reborn [Collector's Edition],71.24
Furi,65.00
Gungrave VR,25.52
Middle Earth: Shadow Of War [Definitive Edition],9.32
Need for Speed Deluxe Edition,27.48
Neuro Voider,28.00
Oceanhorn,53.00
Overcooked 2,19.47
Polybius,79.99
Punch Line,22.00
Rock Band Rivals Band Kit Bundle,699.97
Sims 4 Plus Cats and Dogs,17.73
Slime Rancher,22.48
Sonic Forces Bonus Edition,19.79
Toukiden 2,49.95
Velocity 2X: Critical Mass Edition,18.38
Werewolves Within,8.37
Witch and the Hundred Knight Revival,52.69
Zanki Zero,23.18
Adventure Time: Finn and Jake Investigations,20.91
Alekhine's Gun,13.98
Ancestors Legacy,18.68
Astebreed,57.97
Baja Edge of Control HD,22.49
Disgaea 5: Alliance of Vengeance Launch Edition,38.00
GalGun 2,28.49
Knowledge Is Power,4.99
LEGO Ninjago Movie,16.47
LittleBigPlanet 3 Plush Edition,34.62
Mothergunship,13.86
Professional Farmer 2017,6.70
Risk of Rain,19.42
Sony Gold Wireless Stereo Headset 500 Million,86.46
Space Hulk Ascension,9.80
Tales of Zestiria Collector's Edition,189.99
Tempest 4000,13.97
The Occupation,15.72
Ark Survival Evolved Explorer's Edition,79.99
Black Clover: Quartet Knights,21.27
Disgaea 5: Alliance of Vengeance Limited Edition,124.33
Double Switch,39.50
Forager,14.94
Kotodama: 7 Mysteries of Fujisawa,13.13
Legend of Kay Anniversary,14.26
MLB 16: The Show MVP Edition,16.19
Monopoly Family Fun Pack,15.29
Paw Patrol on a Roll,18.06
Playstation VR Headset Bundle,399.50
Puyo Puyo Tetris,17.91
Technomancer,11.95
The Long Dark,26.90
Tokyo Xanadu EX+ Limited Edition,62.18
Touhou Genso Wanderer,23.96
1001 Spikes,247.47
13 Sentinels: Aegis Rim,47.73
13 Sentinels: Aegis Rim [Artbook Bundle],60.80
1971 Project Helios,12.71
25th Ward: Silver Case [Limited Edition],60.52
3D Billiards & Snooker,17.99
3D Mini Golf,21.81
8 to Glory,15.48
8-Bit Adventure Anthology,39.25
8-Bit Armies,15.76
8-Bit Armies [Limited Edition],29.72
8-Bit Invaders,24.82
88 Heroes,14.29
A Hole New World,27.46
A-Train Exp,58.62
ADK Damashii,52.59
ADK Damashii [Classic Edition],165.00
AI: The Somnium Files [Special Agent Edition],101.95
AO Tennis 2,28.19
ATV Drift & Tricks,17.95
ATV Drift & Tricks [Definitive Edition],19.99
ATV Renegades,24.17
AVICII Invector,9.99
Aaero,26.71
Absolute Drift Zen Edition,26.77
Absolver [Collector's Edition],80.85
Accounting + [Tree Guy Edition],92.00
Accounting+ [Best Buy Edition],38.81
Ace of Seafood,35.53
Aces of The Luftwaffe Squadron,15.00
Adam's Venture: Origins,41.00
Adventure Time: Pirates of the Enchiridion,13.64
Aegis Defenders,25.77
Aegis of Earth: Protonovus Assault,12.51
Aerea Collector's Edition,11.83
AeternoBlade II,20.98
Agatha Christie: The ABC Murders,23.19
Age of Wonders: Planetfall,17.98
Aggelos,30.53
Air Conflicts Double Pack,23.56
Air Conflicts: Pacific Carriers,40.00
Air Conflicts: Secret Wars,23.95
Air Missions: Hind,32.96
Airheart: Tales of Broken Wings,49.00
Akiba's Trip: Hellbound & Debriefed [10th Anniversary Edition],49.99
Alex Kidd in Miracle World DX,34.99
All Star Fruit Racing,9.59
Alliance Alive HD Remastered [Limited Edition],100.74
Alone With You,38.00
Alvastia Chronicles,46.09
America's Greatest Game Shows: Wheel of Fortune & Jeopardy,19.90
American Ninja Warrior,18.00
Among the Sleep [Enhanced Edition],33.63
Anima: Gate of Memories Beyond Fantasy Edition,65.00
Annapurna Interactive Deluxe Limited Edition,220.77
Annapurna Interactive Ultimate PS4 Collection,249.99
Another World,35.31
Another World [Classic Edition],172.00
Anthem [Legion of Dawn Edition],15.80
Antiquia Lost,27.49
Apex Legends [Bloodhound Edition],8.60
Apex Legends [Lifeline Edition],8.53
Aqua Kitty DX,28.44
Arc of Alchemist,35.29
Arcade Spirits,35.95
Arma Gallant: Decks of Destiny,7.09
Armello Special Edition,18.62
Arslan The Warriors of Legend,24.88
Art Of Fighting Anthology,70.98
Art of Fighting Anthology [Collector's Edition],114.95
Ary and the Secret of Seasons,21.72
Asdivine Dios,47.37
Asdivine Hearts II,49.98
Asdivine Kamura,53.00
Asdivine Menace,52.34
Assassin's Creed IV: Black Flag [Limited Edition],123.00
Assassin's Creed IV: Black Flag [Signature Edition],12.85
Assassin's Creed IV: Black Flag [Target Edition],16.00
Assassin's Creed IV: Black Flag [Walmart Edition],15.60
Assassin's Creed Odyssey [Deluxe Edition],32.49
Assassin's Creed Odyssey [Gold Edition],74.99
Assassin's Creed Valhalla,32.00
Assassin's Creed Valhalla [Collector's Editions],198.76
Assassin's Creed Valhalla [Gold Edition],90.97
Assassin's Creed Valhalla [Ultimate Edition],103.97
Assassin's Creed: Origins [Deluxe Edition],19.95
Assassin's Creed: Origins [Gods Collector's Edition],160.21
Assassin's Creed: Origins [Gold Edition],87.99
Assassin's Creed: Origins [Legendary Edition],1394.58
Assassin's Creed: Syndicate [Limited Edition],19.99
Assassin's Creed: Unity [Walmart Edition],13.01
Assetto Corsa Competizione,31.42
Astro Bot Rescue Mission [Not For Resale],22.69
Atari Flashback Classics Vol 3,24.95
Atelier Lulua: The Scion of Arland [Limited Edition],180.19
Atelier Lydie & Suelle Limited Edition,119.69
Atelier Ryza 2: Lost Legends & The Secret Fairy,54.99
Atelier Ryza 2: Lost Legends & the Secret Fairy [Limited Edition],184.00
Atelier Ryza: Ever Darkness & the Secret Hideout [Limited Edition],461.98
Atelier Sophie: The Alchemist of the Mysterious Book Limited Edition,155.00
Attack on Titan 2: Final Battle,165.68
Aven Colony,18.22
Away: Journey To The Unexpected,90.00
Awesomenauts Assemble,8.26
Azur Lane: Crosswave [Collector's Edition],75.99
Azure Striker Gunvolt Striker Pack,29.69
BOXVR,24.85
Baila Latino,20.37
Balan Wonderworld,39.13
Baldur's Gate 1 & 2 Enhanced Edition [Collector's Pack],
Bard's Gold,17.00
Bard’s Tale ARPG: Remastered and Resnarkled,38.33
Bass Pro Shops: Fishing Sim World,44.31
Bastion,37.88
Batman: Arkham Knight [Playstation Hits],16.36
Battle Axe,64.95
Battle Chef Brigade,36.76
Battle Chef Brigade Deluxe,45.15
Battle Chef Brigade [Brigadier Edition],47.77
Battle Garegga [Collector's Edition],144.57
Battle Princess Madelyn,56.00
Battle Princess Madelyn [Kickstarter Edition],59.35
Battle Worlds Kronos,10.32
Battlefield 1 Revolution,12.99
Battlefield 1 [Collector's Edition],63.74
Battlefield 4 [Limited Edition],175.00
Battlefield Hardline [Deluxe Edition],9.90
Battlefield Hardline [Playstation Hits],14.55
Battlefield V [Deluxe Edition],14.71
Bee Simulator,13.45
Ben 10,21.68
Ben 10: Power Trip,20.61
Bibi & Tina at the Horse Farm,37.00
Big Buck Hunter Arcade,13.24
Biomutant,61.10
Biomutant [Atomic Edition],489.99
Biomutant [Collector's Edition],165.00
Bioshock [10th Anniversary],475.00
Birthdays the Beginning,32.86
Birthdays the Beginning Limited Edition,25.36
Bite The Bullet,140.44
Bite the Bullet [Collector's Edition],
Black Desert [Prestige Edition],28.35
Black Hole,15.00
Black Mirror,24.34
Blackguards 2,10.85
Blacksea Odyssey,37.42
Bladed Fury,39.99
Blair Witch,28.00
Blasphemous [Collector's Edition],272.49
Blasphemous [Deluxe Edition],49.96
Blaster Master Zero,70.00
Blaster Master Zero 2,37.00
BlazBlue Cross Tag Battle [Collector's Edition],64.56
Blazing Chrome [Collector's Edition],117.65
Bleed,20.00
Bleed + Bleed 2,46.00
Bleed 2,
Blood & Truth [Not For Resale],
Blood Bowl II,16.81
Bloodborne [Game of the Year],28.26
Bloodborne [PlayStation Hits],15.25
Bloodstained: Curse of the Moon [Classic Edition],220.60
Bloodstained: Curse of the Moon [Limited Run],136.56
Bloodstained: Ritual of the Night [Signed Collector's Box],
Blue Fire,29.99
Bomb Chicken,35.13
Bomber Crew Complete Edition,36.00
Bonds of the Skies,60.00
Borderlands 3 [Deluxe Edition],21.55
Borderlands 3 [Diamond Loot Chest Collector's Edition],142.75
Borderlands 3 [Super Deluxe Edition],45.50
Borderlands [Game of the Year],18.26
Borderlands: The Handsome Collection [Gentleman Claptrap-in-a-Box],320.00
Bravo Team VR,17.67
Bravo Team [Bundle],
Brawlout,27.00
Breach & Clear: Deadline,21.38
Bridge Constructor Portal,12.79
Brigandine: The Legend of Runersia,81.65
Brigandine: The Legend of Runersia [Collector's Edition],149.99
Broken Age,31.24
Bubble Bobble 4 Friends: The Baron is Back,38.50
Bubsy Paws on Fire,27.91
Bubsy Paws on Fire [Limited Edition],26.91
Bubsy: The Woolies Strike Back,20.70
Bubsy: The Woolies Strike Back Purrfect Edition,21.71
Budget Cuts,42.00
Buildings Have Feelings Too,29.99
Butcher,47.13
Cabela's African Adventures,42.38
Caligula Effect: Overdose,41.93
Caligula Effect: Overdose [Limited Edition],102.54
Call of Duty Advanced Warfare [Atlas Pro Edition],62.09
Call of Duty Advanced Warfare [Gold Edition],21.25
Call of Duty Black Ops 4 [Pro Edition],65.00
Call of Duty Ghosts [Prestige Edition],89.73
Call of Duty WWII [Gold Edition],21.61
Call of Duty WWII [Pro Edition],35.00
Call of Duty WWII [Valor Collection],60.75
Call of Duty: Black Ops 4 [Mystery Box Edition],184.14
Call of Duty: Black Ops Cold War,45.03
Call of Duty: Modern Warfare [Dark Edition],241.81
Call of Duty: Modern Warfare [Precision Edition],96.98
Can't Drive This,29.99
Captain Tsubasa: Rise of New Champions,49.00
Carnival Games,15.26
Cartoon Network Battle Crashers,21.35
Castlevania Anniversary Collection,
Castlevania Anniversary Collection [Bloodlines Edition],
Castlevania Anniversary Collection [Classic Edition],
Castlevania Anniversary Collection [Ultimate Edition],421.46
Cat Quest,24.99
Cat Quest + Cat Quest II Pawsome Pack,22.53
Catherine: Full Body [Launch Edition],38.25
Catherine: Full Body [Premium Edition],84.68
Caveman Warriors,35.05
Celeste [Collector's Edition],129.11
Chaos Child,23.54
Chariot,19.47
Chasm,72.09
Chasm [Classic Edition],
Children of Morta,18.77
Children of Zodiarcs,39.00
Chivalry II,39.99
Chronos: Before the Ashes,25.92
Chronus Arc,28.00
Cities Skylines,18.99
Cities Skylines [Parklife Edition],19.24
Civilization VI,19.74
Cladun Returns: This is Sengoku [Limited Edition],32.00
Claire,37.48
Cloudpunk,31.99
Cobra Kai: The Karate Kid Saga Continues,24.33
Code Realize Wintertide Miracles,21.48
Code Realize Wintertide Miracles [Limited Edition],51.95
Code Vein [Revenant Bundle],
Code: Realize Bouquet of Rainbows,23.54
Code: Realize Bouquet of Rainbows Limited Edition,89.99
Commandos 2 & Praetorians: HD Remastered Double Pack,41.18
Commandos 2 and Praetorians HD Remaster Double Pack,63.27
Conan Exiles [Day One],25.37
Conception Plus Maidens of the Twelve Stars,33.70
Conception Plus Maidens of the Twelve Stars [Day One],44.00
Conception Plus Maidens of the Twelve Stars [Limited Edition],207.98
Constructor,13.99
Control [Deluxe Edition],91.74
Control [Ultimate Edition],30.52
Cooking Mama Cookstar,37.88
Corpse Killer [Classic Edition],64.58
Cosmic Star Heroine,50.00
Cosmic Star Heroine [Collector's Edition],62.25
Costume Quest 2,50.00
Cotton Reboot,39.99
Crash Bandicoot 4: It's About Time,39.99
Crash Bandicoot N. Sane Trilogy [Sock Bundle],55.75
Crash Team Racing: Nitro Fueled [Nitros Oxide],35.00
Crash Team Racing: Nitro Fueled [Sock Bundle],25.89
Crawl,25.00
Crayola Scoot,16.12
Creature In The Well,35.04
Creed: Rise To Glory [Not For Resale],28.54
Cris Tales,
Croixleur Sigma,32.60
Crosscode,35.00
Crypt of the NecroDancer,29.99
Crypt of the NecroDancer [Collector's Edition],50.00
Crystal Crisis,29.99
Curses 'N Chaos,22.53
Curved Space,19.99
Cyberdimension Neptunia: 4 Goddesses Online [Limited Edition],136.96
Cyberpunk 2077,28.60
Cyberpunk 2077 [Collector's Edition],141.46
Cyberpunk 2077 [Day One],49.00
DCL The Game,41.00
DOOM 3: VR Edition,42.00
Dakar 18,20.00
Damascus Gear Operation Osaka HD Edition,20.00
Damascus Gear Operation Tokyo HD Edition,35.18
Danganronpa Another Episode: Ultra Despair Girls [Limited Edition],161.99
Danganronpa Trilogy [Launch Edition],108.98
Danganronpa V3: Killing Harmony [Limited Edition],190.00
Dangerous Driving,19.31
Dariusburst: Another Chronicle EX+,63.41
Dark Devotion,80.00
Dark Devotion [Devoted Bundle],129.95
Dark Pictures Anthology: Little Hope,21.99
Dark Pictures Anthology: Little Hope [Special Bundle],
Dark Quest II,32.00
Dark Rose Valkyrie Limited Edition,50.97
Dark Souls III [Day One Edition],73.01
Dark Souls III: The Fire Fades Edition [Limited Edition],126.15
Darkest Dungeon: Ancestral Edition,18.57
Darksiders Genesis [Collector's Edition],201.88
Darksiders Genesis [Nephilim Edition],378.51
Darksiders III [Apocalypse Edition],566.00
Darksiders III [Collector's Edition],89.00
Darksiders: Warmastered Edition,21.84
Darkwood,56.13
Darkwood [Soundtrack Bundle],75.00
Date A Live: Rio Reincarnation,20.64
Date A Live: Rio Reincarnation [Limited Edition],110.46
Day by Daylight [Nightmare Edition],22.98
Daymare 1998,20.10
Daymare 1998 [Black Edition],45.31
Days Gone [Collector's Edition],180.01
De Blob,15.00
De Blob 2,12.86
Dead Alliance,13.97
Dead Cells [Action Game of the Year],24.23
Dead Cells [Prisoner's Edition],163.47
Dead by Daylight [Nightmare Edition],23.19
Deadbolt,40.99
Dear Esther Landmark Edition,34.94
Death Mark,21.85
Death Mark [Limited Edition],38.99
Death Road to Canada [Limited Edition],54.00
Death Stranding [Collector's Edition],140.00
Death Stranding [Special Edition],50.35
Death end re;Quest,51.70
Death end re;Quest 2,51.99
Death end re;Quest 2 [Limited Edition],80.00
Death end re;Quest [Limited Edition],86.87
Death's Gambit,18.99
Deemo Reborn,
Deemo Reborn [Premium Edition],
Deer Hunter Reloaded,14.81
Defender's Quest: Valley of the Forgotten,20.75
Defenders of Ekron,37.28
Deformers [Collector's Edition],32.99
Deliver Us the Moon [Deluxe Edition],33.62
Demon Gaze II,38.00
Demon Gaze II Limited Edition,114.95
Demon's Tier+,45.69
Demon's Tier+ [Soundtrack Bundle],79.01
Deponia,14.99
Descenders,29.23
Desert Child,27.53
Desperados III,17.94
Desperados III [Collector's Edition],102.42
Destiny 2 Forsaken Legendary Collection [Gamestop Edition],
Destiny Connect: Tick-Tock Travelers,23.49
Destiny Connect: Tick-Tock Travelers [Limited Edition],124.98
Destroy All Humans,19.99
Destroy All Humans [Crypto-137 Edition],605.00
Destroy All Humans [DNA Collector's Edition],140.33
Destroy All Humans [DNA Collectors Edtion],118.88
Destroy All Humans [Limited Run],90.00
Deus Ex: Mankind Divided [Collector's Edition],59.99
Devil May Cry 5 [Collector's Edition],109.99
Devil May Cry 5 [Deluxe Edition],49.99
Devious Dungeon,25.99
Dimension Drive: Limited Edition,44.15
Dirt 5,29.99
Dirt Rally 2.0,20.15
Dirt Rally [Legend Edition],28.00
Disaster Report 4: Summer Memories,90.68
Disaster Report 4: Summer Memories [Limited Edition],150.00
Disgaea 1 Complete [Rosen Queen's Finest],99.99
Disgaea 4 Complete+ [HL-Raising Edition],149.95
Dishonored & Prey: The Arkane Collection,28.21
Dishonored 2 [LE Royal Protector Bundle],69.99
Dishonored 2 [Premium Collector's Edition],49.99
Disney Infinity 3.0 Star Wars Saga Bundle,26.58
Disney Infinity 3.0 Starter Pack,24.59
Disney Infinity: Marvel Super Heroes Starter Pak 2.0,42.00
Disney Infinity: Marvel Super Heroes Starter Pak 2.0 [Collector's Edition],85.19
Disney Infinity: Toy Box Starter Pack 2.0,14.99
Dissidia Final Fantasy NT [Steelbook Edition],23.89
Divinity: Original Sin II [Definitive Edition],18.82
Don't Knock Twice,38.59
Don't Starve,32.99
Donut County,45.27
Doom 64,110.00
Doom 64 [Classic Edition],
Doom Eternal [Collector's Edition],344.18
Doom Eternal [Deluxe Edition],59.90
Doom VFR [Not For Resale],
Doom [Collector's Edition],140.33
Doom [Playstation Hits],14.94
Double Dragon IV [Classic Edition],91.38
Double Switch [Collector's Edition],60.92
Doug Flutie's Maximum Football 2019 [Championship Edition],25.99
Doug Flutie's Maximum Football 2020,26.06
Downwell,33.27
Dragon Age: Inquisition [Game of the Year],69.60
Dragon Ball FighterZ Fighterz Edition,
Dragon Ball Z: Kakarot [Collector's Edition],210.18
Dragon Fantasy: The Volumes of Westeria,26.94
Dragon Quest XI S: Echoes of an Elusive Age Definitive Edition,33.09
Dragon Quest XI: Echoes of an Elusive Age [Edition of Lost Time],329.82
Dragon Sinker: Descendants of Legend,39.99
Dragon Star Varnir [Limited Edition],130.00
Dragon's Crown Pro [Battle Hardened Edition],25.86
Dragon's Lair Trilogy [Classic Edition],127.28
Dragons: Dawn of New Riders,15.88
Drive Drive Drive,19.45
Dualshock 4 Call of Duty Army Green Controller,
Dualshock 4 Call of Duty: Black Ops III Edition,
Dualshock 4 Days of Play 2018 Controller,
Dualshock 4 Days of Play 2019 Controller,
Dualshock 4 Death Stranding Controller,
Dualshock 4 God of War Controller,164.76
Dualshock 4 Metal Gear Solid Controller,
Dualshock 4 Spiderman Controller,
Dualshock 4 Uncharted 4: A Thief's End Controller,
Duck Dynasty,20.74
Duck Game,40.06
Dungeon of The Endless,29.99
Dungeons & Dragons: Dark Alliance,53.99
Dungeons & Dragons: Dark Alliance [GameStop Steelbook Edition],
Dungeons II,13.18
Dungeons III,19.46
Dungreed,29.99
Dusk Diver [Day One Edition],30.48
Dying Light The Following Enhanced Edition [Playstation Hits],
Dying Light [Anniversary Edition],33.95
Dynasty Warriors 8: Empires,28.37
Earth Atlantis,87.74
Earth Defense Force 5,32.05
EarthNight,41.96
Earthlock Festival of Magic,40.00
Effie,49.64
Elder Scrolls Online: Morrowind [Collector's Edition],105.54
Elder Scrolls Online: Summerset,6.00
Elder Scrolls Online: Summerset [Collector's Edition],10.00
Elder Scrolls Online: Tamriel Unlimited [Imperial Edition],115.90
Elder Scrolls V: Skyrim VR [Not For Resale],25.97
Elder Scrolls V: Skyrim [Dragonborn Bundle],79.87
Elex,10.63
Elex [Collector's Edition],75.39
Elite Dangerous Legendary Edition,64.99
Elliot Quest,21.30
Empire of Sin,35.42
Enter The Gungeon [Special Reserve],35.04
Erica,
Escape Game Fort Boyard,15.52
Escape Goat 2,21.45
Ether One,34.88
Everspace [Galactic Edition],26.00
Everybody's Golf VR,17.99
Evolve: Ultimate Edition,16.49
Exile's End,36.79
Extinction Deluxe Edition,12.83
F1 2015,23.74
F1 2016,19.21
F1 2017,24.98
F1 2018,24.87
F1 2019 [Legends Edition],39.99
F1 2019: Anniversary Edition,54.73
F1 2020,45.46
F1 2020 [Deluxe Schumacher Edition],79.95
F1 2021,59.99
FIFA 15: Ultimate Edition,12.13
FIFA 16 Deluxe Edition,4.82
FIFA 17 Deluxe Edition,27.00
FIFA 18 Ronaldo Edition,16.00
FIFA 19 & NHL 19,12.18
FIFA 19 [Champions Edition],14.46
FIFA 20 [Champions Edition],25.00
FIFA 21,22.00
FIFA 21 [Champions Edition],26.71
FIFA 21 [Ultimate Edition],38.00
Factotum 90,16.55
Fairy Fencer F Advent Dark Force Collector's Edition,103.99
Fairy Tail,73.00
Fall Of Light [Darkest Edition],28.34
Fallen Legion Revenants,40.95
Fallen Legion Revenants [Exemplary Edition],
Fallen Legion: Flames of Rebellion,58.00
Fallen Legion: Sins of an Empire,34.12
Fallout 4 [Game of the Year Pip-Boy Edition],128.97
Fallout 4 [Game of the Year],21.71
Fallout 76 [Power Armor Edition],147.68
Fallout 76 [Tricentennial Edition],12.19
Fallout 76 [Walmart Steelbook Edition],
Family Feud,21.74
Far Cry 3 [Classic Edition],19.00
Far Cry 4 [Complete Edition],32.17
Far Cry 4 [Kyrat Edition],59.12
Far Cry 4 [Walmart Edition],3.63
Far Cry 5 [Deluxe Edition],28.99
Far Cry 5 [Gold Edition],55.91
Far Cry Primal [Deluxe Edition],36.00
Farming Simulator 17 Platinum Edition,14.87
Fast Striker,71.27
Fast and Furious Crossroads,21.43
Fatal Fury Battle Archives Vol 2,94.99
Fatal Fury Battle Archives Volume 2,54.70
Fatal Fury Battle Archives Volume 2 [Collector's Edition],108.75
Fate/Extella Link,42.33
Fate/Extella Link [Fleeting Glory Edition],77.44
Fate/Extella: The Umbral Star,35.10
Fate/Extella: The Umbral Star [Noble Phantasm Edition],42.36
Fault: Milestone One,61.00
Fell Seal: Arbiter’s Mark,
Fernz Gate,28.14
Fight'N Rage,55.49
Final Fantasy VII Remake [1st Class Edition],548.00
Final Fantasy VII Remake [Deluxe Edition],84.96
Final Fantasy VII Remake [Walmart Edition],
Final Fantasy XII: The Zodiac Age [Collector's Edition],103.75
Final Fantasy XII: The Zodiac Age [Limited Edition],55.19
Final Fantasy XIV Online Complete Experience,13.43
Final Fantasy XIV Online: Heavensward Collector's Edition,139.50
Final Fantasy XIV: Shadowbringers,22.99
Final Fantasy XIV: Stormblood,10.00
Final Fantasy XIV: Stormblood [Collector's Edition],214.45
Final Fantasy XV [Royal Edition],19.51
Firefighters Airport Fire Department,29.97
Firefighters The Simulation,32.94
Firewall Zero Hour [Bundle],80.20
Fishing Sim World,37.67
Fishing Sim World: Pro Tour Collector's Edition,28.12
Five Nights at Freddy's [Core Collection],33.05
Five Nights at Freddy’s Help Wanted,37.00
Flashback,17.90
Flatout 4 Total Insanity,34.46
Flipping Death,11.84
For Honor Deluxe Edition,36.07
For Honor Gold Edition,29.00
For Honor Marching Fire Edition,8.85
For the King,23.97
Foreclosed,24.99
Forestry 2017,49.98
Forgotton Anne,64.45
Forma.8,22.63
Fortnite [Darkfire Bundle],24.90
Frane: Dragons’ Odyssey,63.00
Freedom Finger,60.94
Freedom Planet,60.00
Freedom Planet [Deluxe Edition],84.25
Friday the 13th [Ultimate Slasher Collector's Edition],57.87
Friday the 13th [Ultimate Slasher Edition],14.08
Fu'un Super Combo,55.00
Fu'un Super Combo [Classic Edition],125.00
Furwind [Limited Edition],44.99
Future Unfolding,28.00
Futuridium,38.00
G.I. Joe: Operation Blackout,22.20
GALAK-Z The Void & Skulls of the Shogun Bone-A-Fide Edition Platinum Pack,14.88
GRID,19.00
GRID [Ultimate Edition],30.49
Gal Gunvolt Burst,63.93
GalGun 2 [Free Hugs Edition],149.99
GalGun: Double Peace,25.92
GalGun: Double Peace Mr. Happiness Edition,237.99
Game Tengoku CruisinMix Special,54.58
Game Tengoku CruisinMix Special [Paradise Box],109.99
Gang Beasts [iam8bit Edition],
Garfield Kart: Furious Racing,20.37
Garou: Mark of the Wolves,50.00
Garou: Mark of the Wolves [Classic Edition],93.18
Generation Zero,13.29
Generation Zero [Collector's Edition],69.99
Genesis Alpha One,14.49
Ghost Blade HD,41.77
Ghost Blade HD [Limited Edition],72.62
Ghost Giant,42.50
Ghost Parade,21.95
Ghost Recon Breakpoint [Gold Edition],22.25
Ghost Recon Breakpoint [Ultimate Edition],39.99
Ghost Recon Wildlands [Deluxe Edition],35.00
Ghost Recon Wildlands [Ghost Edition],200.02
Ghost Recon Wildlands [Gold Edition],42.73
Ghost Recon Wildlands [War Within the Cartel Edition],132.10
Ghost of Tsushima,40.00
Ghost of Tsushima [Collector's Edition],294.43
Ghost of Tsushima [Launch Edition],59.25
Ghost of Tsushima [Special Edition],121.23
Ghoul Boy,
Ghoulboy,97.13
Giga Wrecker ALT,36.00
Giga Wrecker ALT [Collector's Edition],50.03
Gigantosaurus: The Game,23.00
Giraffe and Annika [Musical Mayhem Edition],48.24
God Eater 2 Rage Burst [Day One Edition],29.34
God Wars Future Past [Limited Edition],79.99
God of War [Collector's Edition],195.55
God of War [Playstation Hits],17.00
God of War [Stone Mason Edition],230.00
Golem,19.95
Golf Club 2,25.18
Goosebumps: Dead Of Night,28.20
Gran Turismo Sport [Not For Resale],
Gran Turismo Sport [PlayStation Hits],13.74
Granblue Fantasy: Versus [Premium Edition],58.64
Grand Ages: Medieval Limited Edition,27.48
Grand Theft Auto V [Premium Edition],15.88
Gravel,16.01
Gravity Ghost,27.99
Green Lava Studios Volume 1,64.96
Grip: Combat Racing [Ultimate Edition],11.69
Guacamelee Super Turbo Championship Edition,23.56
Guacamelee: One-Two Punch Collection,30.16
Guilty Gear: Strive,58.49
Guitar Hero Live (Game Only),33.92
GunHouse,27.00
Gundam Breaker 3: Break Edition,50.09
HORI Real Arcade Pro SoulCalibur VI Arcade Fight Stick,148.06
Habroxia 2 [Limited Edition],63.00
Hardcore Mecha,36.81
Harvest Moon Light of Hope [Limited Edition],50.77
Harvest Moon: Light of Hope [Special Edition Complete],29.95
Harvest Moon: Mad Dash,15.85
Harvest Moon: One World,49.17
Harvest Moon: One World [Limited Edition],
Has-Been Heroes,11.00
Hasbro Family Fun Pack Conquest Edition,16.08
Headlander,46.34
Heavy Fire: Red Shadow,14.97
Hell Warders,17.42
Hellmut: The Badass from Hell,10.58
Hellpoint,39.95
Hero Defense,23.00
Heroland [Knowble Edition],30.93
Hitman 2 [Collector's Edition],209.53
Hitman 2 [Gold Edition],79.77
Hitman 3,47.48
Hitman 3 [Deluxe Edition],99.00
Hitman [Collector's Edition],139.95
Hollow Knight [Collector's Edition],123.23
Home,33.00
Homefront The Revolution Goliath Edition,52.71
Horizon Chase Turbo,29.49
Horizon Chase Turbo [Special Edition],52.00
Horizon Zero Dawn [Complete Edition Playstation Hits],13.70
Horizon Zero Dawn [Complete Edition],12.50
Horse Club Adventures,
Hotel Transylvania 3: Monsters Overboard,20.65
Hotline Miami & Hotline Miami 2: Wrong Number,
Hotshot Racing,25.00
House Flipper,29.50
Hover,32.09
Hue,38.37
Human Fall Flat [Anniversary Edition],26.23
Hunt: Showdown,19.97
Hunting Simulator,20.18
Hunting Simulator 2,30.51
Hyper Light Drifter [Collector's Edition],95.25
ICEY,48.29
Ice Age: Scrat's Nutty Adventure,28.45
Iconoclasts,68.00
Iconoclasts [Classic Edition],70.00
Ikaruga [Hypergun Edition],104.99
Illusion of L'Phalcia,49.25
Immortal Realms Vampire Wars,24.60
Immortal Unchained,17.49
Immortals Fenyx Rising,27.48
Immortals Fenyx Rising [Gold Edition],77.00
Indigo Prophecy,38.85
Indigo Prophecy [Limited Run Collector's Edition],95.00
Indivisible [Collector's Edition],75.38
Industry Giant 2,14.28
Inertial Drift,29.19
Infamous Second Son [Playstation Hits],15.26
Infinifactory,8.06
Infinite Air,15.95
Inside,30.61
Inside [Collector's Edition],
Ion Fury,46.75
Iris Fall,44.99
Iron Crypticle,26.11
Iron Man VR,24.00
Is It Wrong to Try to Pick Up Girls in A Dungeon: Infinite Combat,45.49
Is It Wrong to Try to Pick Up Girls in A Dungeon: Infinite Combat [Collector's Edition],
Island Flight Simulator,27.72
It Takes Two,35.23
Jagged Alliance Rage,9.65
Jak 3 [Collector's Edition],170.00
Jak II [Collector's Edition],186.48
Jak IV,68.00
Jak X: Combat Racing [Collector's Edition],109.99
Jak and Daxter The Precursor Legacy [Collector's Edition],600.00
Joe's Diner,60.00
John Wick Hex,19.06
Jotun Valhalla Edition,42.33
Jumanji: The Video Game [Collector's Edition],
Jump Force [Collector's Edition],100.00
Jump Force [Ultimate Edition],119.31
Jupiter & Mars,98.00
Just Cause 4 [Gold Edition],24.98
Just Cause 4 [Steelbook Edition],27.81
Just Dance 2014,15.00
Just Dance 2015,14.99
Just Dance 2016,15.66
Just Dance 2016: Gold Edition,24.99
Just Dance 2017,13.63
Just Dance 2017 Gold Edition,37.00
Just Dance 2018,17.77
Just Dance 2019,18.89
Just Dance 2020,19.00
Just Dance 2021,25.00
Just Deal With It,11.93
Just Sing,10.95
Kandagawa Jet Girls [Racing Hearts Edition],47.37
Katamari Damacy Reroll,20.86
Kaze and the Wild Masks,40.94
Kentucky Route Zero,69.00
Kero Blaster,23.31
Ketsui Deathtiny: Kizuna Jigoku Tachi,75.00
Kill La Kill-IF [Limited Edition],90.00
Kill the Bad Guy,21.09
Killing Floor Double Feature,22.08
King of Fighters '98 Ultimate Match,64.95
King of Fighters '98 Ultimate Match [Collector's Edition],94.24
King of Fighters 97 Global Match [Classic Edition],125.00
Kingdom Come Deliverance [Royal Edition],25.66
Kingdom Come Deliverance [Special Edition],30.00
Kingdom Hearts 1.5 + 2.5 Remix [Limited Edition],39.87
Kingdom Hearts All-in-One Package,34.75
Kingdom Hearts III [Deluxe Edition + Bring Arts Figures],297.00
Kingdom Hearts III [Deluxe Edition],28.09
Kingdom Hearts III [Not for Resale],11.28
Kingdom Hearts: Melody of Memory,33.03
Kingdom Majestic,47.00
Kingdom New Lands,26.81
Kingdom New Lands Collector's Edition,66.00
Kingdoms of Amalur: Re-Reckoning,18.20
Kingdoms of Amalur: Re-Reckoning [Collector's Edition],104.99
Klaus,63.43
Knights and Bikes,60.00
Koihime Enbu RyoRaiRai,68.34
Koihime Enbu RyoRaiRai [Wai-fu Edition],69.91
Kromaia Omega,11.00
Kung Fu Panda Showdown of the Legendary Legends,28.47
Kunio-Kun The World Classics Collection,70.72
LEGO City Undercover [Toy Bundle],17.95
LEGO DC Super Villains [Deluxe Edition],33.25
LEGO Jurassic World [PlayStation Hits],18.95
LEGO Marvel Super Heroes 2 Deluxe Edition,23.60
LEGO Movie 2 Videogame,14.70
La Mulana 1 & 2 [Hidden Treasures Edition],59.27
Labyrinth of Refrain,26.77
Labyrinth of Refrain Limited Edition,146.57
Langrisser I & II,47.76
Langrisser I & II [Limited Edition],203.45
Lapis X Labyrinth [Limited Edition],92.45
Lapis x Labrinth Limited Edition,99.99
Lara Croft and the Temple of Osiris,23.00
Lara Croft and the Temple of Osiris [Gold Edition],13.90
Last Blade 2,52.17
Last Blade 2 [Collector’s Edition],92.27
Late Shift,46.32
Lawbreakers,17.01
Lawbreakers [Collector's Edition],32.99
Leap of Fate,39.63
Left Alive [Mech Edition],188.00
Legend Of Heroes: Trails Of Cold Steel IV [Limited Edition],196.99
Legend of Heroes: Trails of Cold Steel II [Relentless Edition],181.99
Legend of Heroes: Trails of Cold Steel III [Early Enrollment Edition],60.73
Legend of Heroes: Trails of Cold Steel III [Thors Academy Edition],274.56
Legend of Heroes: Trails of Cold Steel IV,49.99
Legend of Heroes: Trails of Cold Steel [Decisive Edition],130.00
Legend of the Tetrarchs,47.64
Legendary Fishing,17.01
Lego Dimensions,46.74
Let's Sing 2016,17.69
Let's Sing 2016 Microphone Bundle,56.52
Let's Sing Country 2 [Mic Bundle],
Lethal League,30.41
Let’s Sing: Country,19.69
Liar Princess and the Blind Prince [Storybook Edition],68.55
Lichtspeer [Double Speer Edition],25.49
Life is Strange 2 [Collector's Edition],70.83
Life is Strange: Before the Storm [Limited Edition],22.00
Life is Strange: Before the Storm [Vinyl Edition],193.61
Lifeless Planet,58.88
Light Tracer,39.97
Lili,19.75
Lili Limited Edition,37.00
Little Dragons Cafe,19.47
Little Dragons Cafe Limited Edition,36.52
Little Nightmares II,31.35
Little Nightmares II [Stay Tuned Bundle],52.00
Little Town Hero [Big Idea Edition],50.49
Lone Survivor,37.24
Lords of the Fallen Complete Edition,20.50
Lords of the Fallen Limited Edition,15.22
Los Caballeros Del Zodiaco: Alma De Soldados,19.99
Lost Child,33.81
Lost Child [Limited Edition],71.08
Lost Sea,34.00
Lost Sphear,39.49
Lumines Remastered,25.00
Lumines Remastered [Deluxe Edition],57.00
Lumines Remastered [Ultimate Edition],56.03
MLB 15: The Show [10th Anniversary Edition],20.30
MLB The Show 17 [MVP Edition],48.05
MLB The Show 18 [MVP Edition],12.24
MLB The Show 19 [Gone Yard Edition],115.95
MLB The Show 19 [MVP Edition],15.04
MLB The Show 20 [15th Anniversary Edition],94.47
MLB The Show 20 [MVP Edition],29.56
MLB The Show 21,51.00
MLB The Show 21 [Jackie Robinson Deluxe Edition],114.00
MX vs ATV All Out,16.95
MX vs ATV All Out [Anniversary Edition],17.52
MXGP 14,22.47
MXGP 2,19.77
MXGP 2019,26.11
MXGP 3,17.25
MXGP Pro,12.99
Mad Rat Dead,37.33
Madden NFL 15: Ultimate Edition,15.00
Madden NFL 16 Deluxe Edition,11.00
Madden NFL 17 Deluxe Edition,15.00
Madden NFL 18 Limited Edition,6.95
Madden NFL 19 [Hall of Fame Edition],18.15
Madden NFL 20 [Superstar Edition],29.00
Madden NFL 20 and FIFA 20 Bundle,44.96
Madden NFL 21,17.84
Madden NFL 21 [Deluxe Edition],25.21
Madden NFL 21 [MVP Edition],22.76
Mafia III [Collector's Edition],58.08
Mafia III [Deluxe Edition],19.73
Mafia: Definitive Edition,25.00
Mages Of Mystralia,33.05
Magicka 2,32.95
Maid of Sker,44.96
Maneater,23.00
Marenian Tavern Story,48.00
Mars Odyssey,15.07
Marvel Avengers,21.87
Marvel Avengers [Deluxe Edition],55.00
Marvel Avengers [Earth's Mightiest Edition],90.47
Marvel Pinball: Epic Collection Vol. 1,29.99
Marvel Spiderman [Collector's Edition],197.82
Marvel Spiderman [Game of the Year],22.12
Marvel Spiderman: Miles Morales [Launch Edition],40.97
Marvel vs Capcom: Infinite [Collector's Edition],85.10
Marvel vs Capcom: Infinite [Deluxe Edition],79.99
Mass Effect Andromeda Pathfinder Collector's Edition,
Mass Effect Legendary Edition,59.98
Max: The Curse of Brotherhood,17.36
Mecho Tales,25.34
Mecho Tales Developer Edition,
Mega Man X Legacy Collection,47.95
Mega Man X Legacy Collection 2,37.99
Mega Man Zero/ZX Legacy Collection,22.51
Megadimension Neptunia VII Limited Edition,137.95
Megadimension Neptunia VIIR,45.52
Megadimension Neptunia VIIR Limited Edition,221.00
Mercenaries Wings: The False Phoenix,22.36
Mercenaries Wings: The False Phoenix [Special Edition],56.86
Mercenary Kings: Reloaded Edition,43.76
Metal Gear Solid V The Definitive Experience [Playstation Hits],20.89
Metal Max Xeno [Limited Edition],55.50
Metal Slug 3 [Classic Edition],94.55
Metal Slug Anthology,70.68
Metal Slug Anthology [Collector’s Edition],119.00
Metal Slug XX,63.99
Metal Slug XX [Collector's Edition],144.00
Metal Wolf Chaos XD [Special Reserve],58.00
Metro Exodus [Aurora Limited Edition],50.00
Metronomicon,23.61
Micro Machines World Series,12.67
Mighty No. 9 Signature Edition,27.96
Mighty Switch Force Collection,77.53
Minecraft Dungeons [Hero Edition],24.00
Minecraft Favorites Pack,38.33
Minecraft Starter Collection,24.99
Minit,33.84
Minit [Alt Cover],24.99
Mirror's Edge Catalyst [Collector's Edition DICE Edition],
Mirror's Edge Catalyst [Collector's Edition],107.04
Mitsurugi Kamui Hikae,28.88
Momodora [Soundtrack Bundle],
Monochrome Order,59.00
Monster Energy Supercross,13.73
Monster Energy Supercross 2,12.25
Monster Energy Supercross 3,25.21
Monster Energy Supercross 4,45.00
Monster Harvest,29.99
Monster Hunter: World Iceborne Master Edition [Deluxe],43.51
Monster Hunter: World Iceborne [Deluxe Edition],44.99
Monster Hunter: World [Collector's Edition],153.45
Monster Jam Steel Titans,17.02
Monster Jam Steel Titans 2,37.91
Monster Jam Steel Titans [Collector's Edition],69.99
Monster Jam: Crush It,22.62
Monster Truck Championship,34.00
Monster Viator,
Monstrum,55.00
Moonlighter,18.02
Mortal Kombat 11 Aftermath Kollection,30.84
Mortal Kombat 11 Ultimate,54.73
Mortal Kombat 11 [Kollector's Edition],374.00
Mortal Kombat 11 [Premium Edition],40.67
Mortal Kombat X [PlayStation Hits],17.65
Mortal Shell,34.00
Mother Russia Bleeds,54.83
Mother Russia Bleeds [Limited Run],56.25
Moto Racer 4,25.67
MotoGP 14,17.77
MotoGP 17,13.35
MotoGP 19,26.11
MotoGP 20,40.33
Motorcycle Club,17.79
Move Controller Twin Pack,230.90
Moving Out,19.00
MudRunner American Wilds,16.99
Musynx,24.99
Mutant Mudds Deluxe,18.18
Mutant Mudds Super Challenge,18.18
My Friend Pedro,49.99
My Friend Pedro [Special Reserve],
My Hero One's Justice 2,27.79
My Hero One's Justice 2 [Collector's Edition],85.66
My Riding Stables: Life with Horses,20.42
My Time at Portia,22.45
My Universe Cooking Star Restaurant,32.86
My Universe Fashion Boutique,27.53
My Universe My Baby,31.40
My Universe School Teacher,33.60
My Universe: Pet Clinic: Cats & Dogs,64.00
Mystik Belle,89.99
N++,34.14
NASCAR Heat 5,15.98
NASCAR Heat 5 [Gold Edition],40.83
NBA 2K18 [Legend Edition],11.45
NBA 2K19 20th Anniversary Edition,32.25
NBA 2K20 [Legend Edition],34.28
NBA 2K21,24.00
NBA 2K21 [Mamba Forever Edition],54.61
NBA Live 16,9.99
NEO: The World Ends With You,59.99
NHL 15 [Ultimate Edition],26.24
NHL 16 Deluxe Edition,12.22
NHL 17 Deluxe Edition,18.00
NHL 21,20.62
NHL 21 [Great Eight Edition],36.53
Narcos: Rise of the Cartels,14.42
Narcosis,41.90
Narcosis [Collector's Edition],66.00
Natural Doctrine [Collector's Edition],101.00
Need For Speed Rivals [Playstation Hits],18.47
Need for Speed Heat [Deluxe Edition],
Need for Speed Payback [Deluxe Edition],21.00
Need for Speed Rivals [Complete Edition],45.13
Need for Speed [Playstation Hits],17.13
Need for Speed: Hot Pursuit Remastered,24.38
Nelke & The Legendary Alchemists: Ateliers of the New World,38.00
Nelke & The Legendary Alchemists: Ateliers of the New World [Limited Edition],108.97
Neon City Riders,38.64
Neonwall,40.49
Neptunia Virtual Stars,50.37
Neverending Nightmares,65.00
Neverwinter Nights Enhanced Edition,23.24
Neverwinter Nights Enhanced Edition [Collector's Pack],
New Super Lucky's Tale,32.21
Nex Machina Collector's Edition,88.00
Nexomon: Extinction,29.45
Ni no Kuni II Revenant Kingdom [Collector's Edition],62.00
Ni no Kuni II Revenant Kingdom [Premium Edition],22.00
Nickelodeon Kart Racers,20.51
Nickelodeon Kart Racers 2: Grand Prix,25.89
NieR Replicant Ver.1.22474487139,51.00
Nier Automata [Game of the Yorha Edition],37.79
Nier Replicant Ver. 1.22474487139 [White Snow Edition],417.00
Night Trap [32X Variant],74.80
Night Trap [Collector's Edition],76.37
Nights of Azure 2: Bride of the New Moon [Limited Edition],211.66
Nioh 2 [Special Edition],40.92
Nitroplus Blasterz: Heroines Infinite Duel,19.99
No Heroes Allowed! VR,34.99
No Man's Sky [Limited Edition],77.51
No Man’s Sky: Beyond,32.00
No Straight Roads,24.99
Nobunaga's Ambition Sphere of Influence [Ascension],26.86
Nobunaga's Ambition: Sphere of Influence,21.47
Nobunaga's Ambition: Taishi,19.18
Northgard,23.80
Nova-111,16.58
Observer: System Redux,
Octodad: Dadliest Catch,74.65
Oddworld: Soulstorm [Collector's Oddition],
Oddworld: Soulstorm [Day One Oddition],52.99
OffRoad Racing,50.00
OlliOlli Epic Combo Edition,20.13
Omega Labyrinth Z,
Omega Quintet Limited Edition,87.20
Omen of Sorrow,20.27
One More Dungeon,45.00
One Piece Burning Blood Marineford Edition,49.99
One Piece: Pirate Warriors 4,20.53
One Punch Man: A Hero Nobody Knows,26.21
Oniken + Odallus Collection,120.01
Onrush,11.53
Open Country,19.99
Operation Warcade,15.47
Organ Trail,45.50
Our World is Ended,23.99
Our World is Ended [Day One],34.00
Outcast: Second Contact,14.99
Outer Wilds,70.99
Outer Wilds [Explorers Edition],174.00
Outer Wilds [Soundtrack Bundle],
Outriders,52.04
Outward,49.35
Overcooked + Overcooked 2,21.95
Overcooked Gourmet Edition,16.62
Overpass,24.10
Override 2: Super Mech League [Ultraman Deluxe Edition],42.00
Override Mech City Brawl,6.00
Overwatch [Game of the Year],18.05
Overwatch [Legendary Edition],18.49
Oxenfree,71.00
PGA Tour 2K21,35.00
Pang Adventures,25.00
Paper Beast,77.06
Paragon Essentials Edition,11.65
Paranormal Activity: The Lost Soul,24.20
Past Cure,13.00
Pathfinder: Kingmaker,38.99
Paw Patrol: Mighty Pups Save Adventure Bay,24.56
Pawarumi [Limited Edition],67.00
Payday 2 The Big Score,21.97
Peaky Blinders Mastermind,43.00
Penguin Wars [Launch Edition],25.00
Penn & Teller VR: Frankly Unfair Unkind Unnecessary & Underhanded,25.37
Persona 5 Royal,38.75
Persona 5 Royal [Phantom Thieves Edition],193.48
Persona 5 Royal [Steelbook Edition],59.00
Persona 5 Strikers,44.69
Persona 5 Strikers [Steelbook Edition],107.00
Persona 5 [Playstation Hits],12.50
Phantom Breaker Battlegrounds Overdrive,46.00
Phantom Breaker Battlegrounds Overdrive Collector's Edition,66.99
Pharaonic Deluxe Edition,10.92
Phoenix Wright: Ace Attorney Trilogy,57.54
Pig Eat Ball,30.11
Pillars of Eternity II: Deadfire Ultimate Edition,32.89
Pillars of Eternity II: Deadfire Ultimate [Collector's Edition],87.11
Pinball Arcade,20.61
Pineview Drive,37.50
Pix the Cat,17.50
PixArk,11.91
Pixel Gear,31.93
Pixel Junk Monsters 2,35.13
Pixel Junk Monsters 2 [Collector's Edition],46.00
Pixel Ripped 1989,
Pixel Ripped 1989 [Pink Cassette Edition],
Plague Road,21.50
Planescape: Torment & Icewind Dale Enhanced Editions,17.20
Planescape: Torment & Icewind Dale Enhanced Editions [Collector's Pack],
Planet Coaster,59.99
Planet of the Apes: Last Frontier,59.28
Plants vs. Zombies: Battle for Neighborville,14.36
Plants vs. Zombies: Garden Warfare 2 Deluxe Edition,29.99
PlayStation 4 Pro Glacier White 1TB,740.60
PlayStation VR Demo Disc,9.80
PlayStation VR Launch Bundle,380.89
Playstation 4 DualShock 4 The Last of Us Part II Limited Edition Controller,108.72
Playstation 4 Dualshock 4 Back Button Attachment,28.00
Playstation 4 Dualshock 4 Copper Controller,52.85
Playstation 4 Dualshock 4 Gran Turismo Sport Controller,
Playstation 4 Dualshock 4 Green Camo Controller,49.22
Playstation 4 Dualshock 4 Red Black Controller,69.94
Playstation 4 Dualshock 4 Rose Gold Controller,49.98
Playstation 4 Dualshock 4 Silver Controller,40.28
Playstation 4 Dualshock 4 UEFA Champions League,
Playstation 4 Pro 1TB The Last of Us Part II Console,691.00
Playstation VR Marvel's Iron Man VR Bundle,429.14
Playstation VR Worlds [Not For Resale],24.40
Playstation Vertical Stand,36.97
Poison Control,42.40
Poison Control [Limited Edition],135.00
Pool Nation,22.09
Port Royale 4,54.99
Portal Knights,16.68
Power Rangers: Battle for the Grid [Collector's Edition],25.02
Power Rangers: Battle for the Grid [Mega Edition],149.89
Predator: Hunting Grounds,15.38
Prey [Steelbook Edition],30.00
Prince of Persia: The Sands of Time Remake,
Prison Boss VR,43.22
Pro Evolution Soccer 2015,6.94
Pro Evolution Soccer 2016,12.00
Pro Evolution Soccer 2017,9.00
Pro Evolution Soccer 2018,8.61
Pro Evolution Soccer 2018 Legendary Edition,30.00
Pro Evolution Soccer 2019,16.31
Pro Evolution Soccer 2019 David Beckham Edition,18.27
Pro Fishing Simulator,25.28
Professional Construction The Simulation,48.00
Professional Farmer: American Dream,8.00
Professor Rubik's Brain Fitness,29.92
Project Cars 2,19.98
Project Cars 3,19.42
Project Cars Complete Edition,19.99
Project Lux,44.10
Project Starship X Limited Edition,54.49
Psycho-Pass Mandatory Happiness,16.97
Psycho-Pass Mandatory Happiness [Limited Edition],44.09
Psychonauts [Psycho-Portal Edition],110.00
Psychonauts [iam8bit Cover],44.00
Psyvariar Delta [Foil Cover],26.00
Pure Chess,19.92
Pure Farming 2018,10.64
Pure Pool,14.98
Puyo Puyo Tetris 2,25.19
Quantic Dream Collection,29.57
R-Type Final 2,50.18
R-Type Final 2 [Limited Edition],147.99
RBI Baseball 16,10.00
RBI Baseball 18,6.99
RBI Baseball 19,16.35
RBI Baseball 20,18.22
RBI Baseball 2017,14.18
RBI Baseball 21,30.33
RICO,19.54
RIGS Mechanized Combat League VR,11.96
RPG Maker MV,35.88
RPG Maker MV [Limited Edition],28.00
Rabbids Invasion,19.01
Race With Ryan: Road Trip [Deluxe Edition],15.31
Race the Sun,34.99
Race with Ryan,20.00
Race with Ryan [Car Bundle],52.57
Radial G Racing Revolved,14.99
Rage 2 [Collector's Edition],52.82
Rage 2 [Deluxe Edition],19.95
Rage 2 [Gamestop Wingstick Edition],12.99
Raging Loop,22.64
Raid: World War II,12.16
Railway Empire,17.45
Rain World,73.04
Rainbow Moon,34.71
Rainbow Six Siege Year 2,25.84
Rainbow Six Siege [Advanced Edition],22.56
Rainbow Six Siege [Complete Edition],12.99
Rainbow Six Siege [Gold Edition],23.78
Rainbow Skies,44.30
Rainbow Skies [Limited Edition],
Rapala Fishing Pro Series,21.32
Ratchet & Clank [PlayStation Hits],13.36
Re:ZERO: The Prophecy of the Throne [Collector's Edition],75.00
Re:ZERO: The Prophecy of the Throne [Day One Edition],60.00
Real Farm,20.99
Real Heroes: Firefighter,19.99
Realms of Arkania: Blade of Destiny,18.15
Red Dead Redemption 2 [Special Edition],79.51
Red Dead Redemption 2 [Steelbook Edition],49.45
Red Dead Redemption 2 [Ultimate Edition],143.94
Red Faction Guerrilla Remarstered,17.82
Red Faction [Classic Edition],72.56
Red Matter,38.00
Red Matter [Best Buy Edition],
Reel Fishing Road Trip Adventure,17.93
Regions of Ruin,42.00
RemiLore: Lost Girl in the Lands of Lore,46.39
Remnant From The Ashes,28.00
Remothered: Broken Porcelain,28.93
Republique,15.01
Republique Contraband Edition,82.86
Resident Evil 2 [Collector's Edition],453.08
Resident Evil 2 [Deluxe Edition],95.24
Resident Evil 3 [Collector's Edition],469.37
Resident Evil 7 Biohazard [Deluxe Edition],24.00
Resident Evil 7 Biohazard [Playstation Hits],18.80
Resident Evil Village,59.24
Resident Evil Village [Collector’s Edition],312.94
Resident Evil Village [Deluxe Edition],71.49
Return Of The Obra Dinn,67.69
Return Of The Obra Dinn [Collector's Edition],154.99
Reus,17.45
Revenant Dogma,40.00
Revenant Saga,26.00
Reverie,41.59
Rez Infinite [Eco-Forward Edition],75.00
Rick and Morty Virtual Rick-ality Collector's Edition,46.19
Ride,21.98
Ride 2,21.99
Ride 3,36.03
Ride 4,46.33
Riot Civil Unrest,13.50
Rise of the Tomb Raider [20 Year Celebration],22.15
Rive [Blue Box Limited Edition],
Rive [Orange Box Limited Edition],24.95
River City Girls [Classic Edition],214.00
River City Girls [PAX Variant],
River City Melee [Classic Edition],43.74
Robotics Notes Elite And Dash Double Pack [Day One Edition],42.27
Rock Band 4 [Band-in-a-Box Bundle],558.07
Rock Band 4 [Guitar Bundle],143.00
Rock Boshers DX,16.87
Rock of Ages III: Make & Break,14.20
Rocket Arena Mythic Edition,11.00
Rocket League [Ultimate Edition],44.95
Rocketbirds: Hardboiled Chicken,
Rogue Legacy,39.00
Rogue Stormers,16.95
Rogue Trooper Redux,16.99
Roller Coaster Tycoon Joyride,29.39
Roman Rumble In Las Vegum,14.49
Romance of the Three Kingdoms XIII,35.25
Romance of the Three Kingdoms XIV,28.11
Root Film,58.95
Root Letter [Pen Pal Edition],99.99
Rugby 15,9.08
Rugby 18,20.40
Ruiner,85.31
Runbow Deluxe Edition,12.90
Runner2,18.98
Runner3,24.99
Rust: Console Edition,56.95
Rustler,
Rym 9000 Limited Edition,79.99
SNK 40th Anniversary Collection,69.00
SNK Heroines: Tag Team Frenzy [Diamond Dream Edition],160.00
Sackboy: A Big Adventure,44.77
Sackboy: A Big Adventure [Special Edition],80.20
Saint Seya: Soldier's Soul,23.67
Saints Row: The Third [Remastered],19.21
Sairento,56.00
Sakuna of Rice and Ruin,41.01
Sakuna of Rice and Ruin [Divine Edition],54.99
Sakura Wars,36.00
Salt & Sanctuary [Collector's Edition],140.25
Samurai Jack: Battle Through Time,99.99
Samurai Shodown NeoGeo Collection,36.00
Samurai Shodown V Special,44.97
Samurai Shodown V Special [Classic Edition],100.00
Samurai Shodown VI,58.49
Samurai Warriors 4 Empires,50.18
Samurai Warriors 4 Special Anime Pack,73.06
Samurai Warriors 4-II,35.55
Samurai Warriors 4-II [Limited Edition],99.58
Samurai Warriors: Spirit of Sanada,21.95
Santa's Xmas Adventure,14.15
Sayonara Wild Hearts,23.48
Scarlet Nexus,350.00
Scott Pilgrim vs. the World: The Game Complete Edition,62.50
Screencheat,24.40
Scribblenauts Mega Pack,9.50
Scribblenauts Showdown,9.29
Sebastien Loeb Rally Evo,12.00
Seek Hearts,70.00
Sekiro: Shadows Die Twice [Collector's Edition],274.99
Semispheres,21.91
Semispheres [Orange],36.99
Senko no Ronde 2,50.00
Senko no Ronde 2 [Limited Edition],81.00
Senko no Ronde 2 [PAX Variant],30.51
Senran Kagura Burst Re:Newal,33.86
Senran Kagura Burst Re:Newal [At The Seams Edition],49.90
Senran Kagura Burst Re:Newal [Tailor Made Edition],38.69
Senran Kagura Estival Versus,45.79
Senran Kagura: Peach Beach Splash [Collector Edition],39.94
Sephirothic Stories,60.00
Serial Cleaner,37.38
Shadow Tactics Blades of the Shogun,18.99
Shadow of Loot Box [Limited Edition],38.44
Shadow of the Colossus [Special Edition],145.01
Shadow of the Tomb Raider [Croft Steelbook Edition],25.00
Shadow of the Tomb Raider [Definitive Edition],25.74
Shadow of the Tomb Raider [Limited Steelbook Edition],20.44
Shadowgate,41.00
Shadows Awakening,25.15
Shakedown Hawaii,29.99
Shantae Half-Genie Hero [Risky Beats Edition],39.50
Shantae and the Seven Sirens,45.00
Shantae and the Seven Sirens [Collector's Edition],97.82
Shenmue III [Collector's Edition],75.30
Shenmue III [Kickstarter Edition],29.14
Sherlock Holmes: Crimes & Punishments,30.30
Sherlock Holmes: The Devil's Daughter,22.50
Shikhondo,67.77
Shin Megami Tensei III: Nocturne HD Remaster,53.74
Shiny,13.38
Silver Case [Limited Edition],91.24
Sims 4 Bundle: Island Living,30.49
Sims 4 [Deluxe Party Edition],40.96
Simulacra,
SingStar Celebration,13.27
Siralim,29.99
Siralim 2,25.71
Siralim 3,28.00
Skater XL,16.92
Skully,27.00
Sky Force Anniversary,70.25
Skylanders Imaginators: Starter Pack,98.34
Skylanders Imaginators: Starter Pack Featuring Crash Bandicoot,127.49
Skylanders SuperChargers Starter Pack,47.70
Skylanders SuperChargers: Dark Edition Starter Pack,53.99
Skylanders Swap Force: Starter Pack,77.92
Skylanders Trap Team Dark Edition: Starter Pack,149.99
Skylanders Trap Team: Starter Pack,99.13
Slayaway Camp: Butcher's Cut,
Slide Stars,14.05
Slime Rancher [Deluxe Edition],20.86
Slime-San Superslime Edition,18.25
Smash Hit Plunder VR,31.00
Sniper Elite 4 [Limited Edition],35.99
Sniper Elite III [Collector's Edition],36.33
Sniper Elite III [Ultimate Edition],20.21
Sniper Elite V2 Remastered,39.75
Sniper: Ghost Warrior Contracts 2,46.97
Snoopy's Grand Adventure,49.98
SnowRunner,39.86
Soccer: Tactics & Glory,56.00
Soldner X2 Final Prototype Definitive Edition,84.00
Song of Memories,24.24
Song of the Deep [Collector's Edition],31.92
Sonic Mania,15.00
Sony Gold Wireless Headset,106.10
Sony Gold Wireless Stereo Headset 20th Anniversary,174.55
Sony Gold Wireless Stereo Headset The Last of Us 2,341.28
Sony Platinum Wireless Headset,118.66
Sony PlayStation VR Doom Bundle,434.23
Soul Calibur VI [Collector's Edition],78.49
Soul Calibur VI [Deluxe Edition],46.09
South Park: The Fractured But Whole [Gold Edition],38.33
Space Channel 5 VR,59.80
Space Channel 5 VR Kinda Funky News Flash! [Collector's Edition],
Space Hulk,10.11
Space Hulk Deathwing Enhanced Edition,29.00
Space Hulk Tactics,11.53
Space Invaders Forever,45.75
Spacebase Startopia,62.99
Speed 3 Grand Prix,19.94
Spelunky,49.95
Spelunky [Collector's Edition],57.01
Spike Volleyball,25.94
Spirit Hunter NG,34.72
Spirit of the North,28.73
Spirit: Lucky's Big Adventure,59.75
Splasher,26.67
SpongeBob SquarePants Battle for Bikini Bottom Rehydrated,23.06
SpongeBob SquarePants Battle for Bikini Bottom Rehydrated [Fun Edition],275.33
SpongeBob SquarePants Battle for Bikini Bottom Rehydrated [Shiny Edition],140.49
Spyro Reignited Trilogy [Sock Bundle],36.53
Star Ocean Integrity and Faithlessness [Collector's Edition],113.00
Star Renegades,
Star Renegades [Collector's Edition],
Star Wars Bounty Hunter [Classic Edition],73.00
Star Wars Bounty Hunter [Premium Edition],111.11
Star Wars Episode 1 Racer,64.54
Star Wars Episode 1 Racer [Classic Edition],
Star Wars Episode 1 Racer [Premium Edition],150.00
Star Wars Jedi Knight II: Jedi Outcast,99.00
Star Wars Jedi Knight II: Jedi Outcast [Premium Edition],113.50
Star Wars Jedi Knight: Jedi Academy,80.52
Star Wars Jedi Knight: Jedi Outcast & Jedi Academy,
Star Wars Jedi: Fallen Order [Deluxe Edition],47.36
Star Wars Racer Revenge [Premium Edition],99.99
Star Wars: Racer Revenge [Classic Edition],37.55
Star Wars: Squadrons,15.69
Starlink: Battle for Atlas,8.00
Stealth Inc,34.00
Steamworld Dig 2,11.76
Steep Gold Edition,39.69
Steep Winter Games Edition,14.75
Steins Gate 0,27.44
Steins Gate 0 [Amadeus Edition],169.00
Steins Gate Elite,21.77
Steins Gate Elite [Limited Edition],49.99
Stern Pinball Arcade,23.92
Steven Universe: Save The Light & OK KO Let's Play Heroes,27.99
Stikbold: A Dodge Ball Adventure,41.51
Story of a Gladiator,36.00
Strafe,50.09
Stranded Sails: Explorers of the Cursed Islands,18.71
Strange Brigade Collector's Edition,74.90
Stranger Things 3: The Game,40.00
Stranger Things 3: The Game [Classic Edition],82.00
Street Fighter V Arcade Edition,26.20
Street Fighter V Arcade FightStick TES+,216.07
Street Fighter V [Champion Edition],28.98
Street Fighter V [Collector's Edition],66.49
Street Outlaws: The List,21.80
Street Power Soccer,11.78
Streets of Rage 4,34.63
Streets of Rage 4 [Classic Edition],69.15
Streets of Rage 4 [Collector's Edition],305.00
Streets of Rage 4 [Limited Run],57.40
Streets of Red,40.88
Streets of Red [Collector's Edition],65.00
Strikers Edge,17.50
Subnautica: Below Zero,34.95
Sudden Strike 4,21.03
Sudden Strike 4 [Complete Collection],28.72
Summer Lesson: Hikari Miyamoto,56.75
Summon Night 6 Lost Borders [Amu Edition],27.90
Summon Night 6 Lost Borders [Raj Edition],39.99
Summon Night 6 Lost Borders [Wonderful Edition],81.82
Sundered,50.08
Sundered [Collector's Edition],75.22
Super Daryl Deluxe,43.99
Super Dungeon Bros,12.17
Super Gunworld 2,20.23
Super Hydorah,44.99
Super Hydorah [Classic Edition],47.32
Super Monkey Ball: Banana Blitz HD,17.88
Super Neptunia RPG,22.75
Super Neptunia RPG [Limited Edition],75.00
Super Street The Game,18.87
SuperEpic: The Entertainment War,40.33
Superbeat: XONiC,19.84
Supermarket Shriek,25.49
Supermash,53.00
Surf World Series,28.08
Surviving Mars,13.95
Sword Art Online: Alicization Lycoris,22.37
Sword Art Online: Fatal Bullet [Phantom Edition],109.79
Sword Art Online: Hollow Realization Collector's Edition,202.19
Sword and Fairy 6 [Limited Edition],62.94
TT Isle of Man,36.29
Tachyon Project,24.88
Tacoma,31.88
Tales of Berseria [Playstation Hits],
Tales of Vesperia Definitive Edition [Anniversary Bundle],159.99
Tamashii,631.25
Taxi Chaos,26.49
Tekken 7 [Day 1 Edition],36.52
Tekken 7 [Steelbook],21.25
Tennis World Tour,18.56
Tennis World Tour 2,40.53
Tennis World Tour: Roland Garros Edition,31.90
Terra Trilogy,29.99
Terraria [PlayStation Hits],19.99
Terraria [Special Edition],18.19
Teslagrad,19.53
Tetris Effect [Limited Run],51.51
Tharsis [Limited Edition],30.76
The Angry Birds Movie 2 VR: Under Pressure,26.41
The Aquatic Adventure of the Last Human,25.00
The Bard's Tale IV: Director's Cut,19.97
The Bit.Trip,18.58
The Bit.Trip [PAX Variant],23.00
The Book of Unwritten Tales 2,12.74
The Bridge,33.00
The Bunker,46.68
The Coma: Recut [Limited Edition],116.52
The Complex,65.00
The Council,21.51
The Crew 2 Deluxe Edition,48.53
The Crew 2 [Gold Edition],46.50
The Crew Ultimate Edition,19.51
The Dark Crystal: Age of Resistance Tactics,69.99
The Dark Crystal: Age of Resistance Tactics [Collector's Edition],178.00
The Dungeon of Naheulbeuk: The Amulet of Chaos [Chicken Edition],39.99
The Dwarves,13.01
The Elder Scrolls Online: Blackwood Collection,74.81
The End is Nigh,41.31
The Escapists + The Escapists 2,18.55
The Escapists 2,16.49
The First Tree,40.58
The Fisherman: Fishing Planet,25.49
The Flame in the Flood,29.92
The House in Fata Morgana,82.51
The House in Fata Morgana [Collector's Edition],213.37
The Hunter: Call of the Wild 2019,27.02
The Infectious Madness of Doctor Dekker,44.09
The Inner World: The Last Wind Monk,10.72
The Last Kids on Earth and the Staff of Doom,39.99
The Last Tinker: City of Colors,16.66
The Last of Us Part II,26.06
The Last of Us Part II [Collector's Edition],116.01
The Last of Us Part II [Ellie Edition],299.99
The Last of Us Part II [Special Edition],57.00
The Last of Us Remastered [Playstation Hits],14.99
The Messenger [Limited Run],73.95
The Missing,59.87
The Missing [Collector's Edition],113.82
The Mummy Demastered [Limited Run],75.00
The Order: 1886 [Collector's Edition],89.99
The Order: 1886 [Premium Edition],167.63
The Persistence,15.22
The Persistence [Perp Games Edition],
The Pillars of the Earth,14.73
The Princess Guide,38.00
The Princess Guide [Limited Edition],60.00
The Raven Remastered,12.74
The Shapeshifting Detective,40.00
The Sims 4 & Star Wars Bundle,20.35
The Sisters: Party of the Year,29.99
The Sojourn,20.81
The Surge 2 [Limited Edition],23.92
The Survivalists,27.94
The Swapper,35.21
The Swindle,20.99
The Walking Dead Onslaught [Deluxe Edition],32.99
The Walking Dead: Final Season [Collectors Edition],
The Walking Dead: Saints and Sinners,39.75
The Wizards,25.59
The Yakuza Remastered Collection [Day One],109.90
Thimbleweed Park,62.50
Thimbleweed Park [Big Box],73.10
This is the Police,15.00
This is the Police II,13.46
Thomas Was Alone,25.00
Those Who Remain,20.95
Thumper,92.40
Thumper Collector's Edition,150.00
Timespinner,50.00
Tin and Kuna,30.00
Tiny Troopers Joint Ops,24.64
Titan Quest,12.38
Titan Quest Collector's Edition,69.48
Titanfall 2 [Collector's Edition],499.00
Titanfall 2 [Deluxe Edition],19.05
To The Top,64.99
ToeJam and Earl: Back in the Groove [Collector's Edition],67.74
Toki Tori 2+,17.00
Tokyo 2020 Olympic Games,
Tokyo Chronos,91.00
Tokyo Chronos [Kickerstarter Edition],149.95
Tokyo Ghoul: Re Call to Exist,28.93
Tom Clancy's The Division 2 [Gold Edition],22.87
Tom Clancy's The Division 2 [Ultimate Edition],61.91
Tom Clancy's The Division [Collector's Edition],231.95
Tom Clancy's The Division [Gold Edition],18.20
Tony Hawk's Pro Skater 1 and 2,26.19
Tony Hawk's Pro Skater 1 and 2 [Collector's Edition],78.85
Tony Stewart's All American Racing 2 Game Bundle,50.00
Toto Temple Deluxe,30.00
Touhou Genso Rondo Bullet Ballet Limited Edition,44.66
Touhou Genso Wanderer Limited Edition,72.59
Touhou Genso Wanderer Reloaded,27.74
Touhou Genso Wanderer Reloaded [Limited Edition],84.75
Touhou Kobuto V: Burst Battle,17.95
Touhou Kobuto V: Burst Battle Limited Edition,70.01
Tower of Guns [Special Edition],17.53
Town of Light,26.00
Trailblazers,24.04
Train Sim World,32.17
Train Sim World 2020,29.99
Transformers: Battlegrounds,14.80
Transistor,85.00
Transistor [Collector's Edition],146.38
Trials Rising [Gold Edition],11.99
Trials of Mana,25.46
Tricky Towers,18.99
Troll and I,8.91
Trollhunters: Defenders of Arcadia,15.59
Tropico 5 [Complete Collection],26.02
Tropico 6,22.00
Trover Saves the Universe,16.97
Truberbrook,26.19
Truck Driver,46.90
Tumblestone,13.52
Turrican Flashback,33.99
Turtle Beach Stealth 700,130.00
Two Point Hospital,22.30
Typoman,35.00
UFC 2 Deluxe Edition,39.96
UFC 3 Champions Edition,33.00
UFC 4,29.99
Ugly Dolls,11.00
Ultimate Enhanced Edition Collector's Pack,
Umihara Kawase Fresh,39.99
UnEpic,98.00
Unbox: Newbie's Adventure,10.99
Uncharted 4 A Thief's End [Playstation Hits],13.30
Uncharted the Nathan Drake Collection [Greatest Hits],
Uncharted: The Lost Legacy [Playstation Hits],16.38
Under Night In-Birth Exe: Late Cl-R,29.49
Under Night In-Birth Exe: Late Cl-R [Collector's Edition],76.00
Unicorn Princess,23.68
Unravel Yarny Bundle,28.02
Until Dawn [Playstation Hits],19.38
Until Dawn: Rush of Blood [Not For Resale],
Untitled Goose Game,38.00
Untitled Goose Game [Lovely Edition],48.00
Utawarerumono: Mask of Deception Launch Edition,41.18
Utawarerumono: Mask of Truth Launch Edition,42.38
Utawarerumono: Prelude to the Fallen [Limited Edition],226.05
Utawarerumono: Prelude to the Fallen [Origins Edition],127.51
Utawarerumono: ZAN [Emperor's Edition],176.25
V-Rally 4,19.58
VR Karts,41.50
VR Ping Pong Pro,19.77
Va-11 Hall-A,72.77
Va-11 Hall-A [Collector's Edition],249.95
Valentino Rossi,18.00
Valentino Rossi [Day One Edition],23.63
Valhalla Hills,11.22
Valkyria Chronicles 4 [Memoirs From Battle Edition],56.15
Valkyria Chronicles Remastered [Steelbook Edition],35.95
Valthirian Arc Hero School,14.95
Victor Vran Overkill Edition,14.97
Void Bastards,33.98
Volgarr The Viking,44.99
Volgarr The Viking [Limited Run],54.99
Volume,33.29
WRC 6,21.10
WRC 7,16.99
WRC 8,22.73
WRC 9,46.72
WWE 2K Battlegrounds,18.09
WWE 2K15: Hulkamania Edition,212.42
WWE 2K17 NXT Edition,92.23
WWE 2K18 Cena Edition,64.43
WWE 2K18 Deluxe Edition,29.32
WWE 2K19 [Deluxe Edition],59.99
WWE 2K19 [Woooo Edition],
WWE 2K20 [20th Anniversary Edition],110.00
WWE 2K20 [Deluxe Edition],56.62
Wandersong,116.00
Warborn,26.49
"Warhammer 40,000 Deathwatch",14.99
"Warhammer 40,000: Inquisitor Martyr",19.69
Warhammer 40000 Mechanicus,34.37
Warhammer: Chaosbane,18.88
Warhammer: Vermintide II [Deluxe Edition],19.00
Warriors All-Stars,20.53
Warriors Orochi 4,25.95
Warriors Orochi 4 Ultimate,40.98
Wasteland 3,22.13
Watch Dogs 2 [Deluxe Edition],20.99
Watch Dogs 2 [Gold Edition],25.62
Watch Dogs [Special Edition],8.75
Watch Dogs [Steelbook Edition],33.68
Watch Dogs [Target Edition],9.79
Watch Dogs [Walmart Edition],35.99
Watch Dogs: Legion,24.00
Watch Dogs: Legion [Gold Edition],56.10
Watch Dogs: Legion [Ultimate Edition],51.93
Wattam [Apple Variant],35.00
Wattam [Sun Variant],39.98
Wattam [Sushi Variant],
We Happy Few Deluxe Edition,13.00
We Sing,21.64
We Sing Pop,19.60
We Sing Pop! [2-Mic Bundle],44.01
Werewolf: The Apocalypse Earthblood,44.67
West of Dead,
What Remains of Edith Finch,119.44
Who Wants to Be A Millionaire,53.00
Will: A Wonderful World,23.00
Windjammers,34.06
Windjammers [Collector's Edition],44.92
Witch and the Hundred Knight 2 [Limited Edition],123.49
Witcher 3: Wild Hunt [Complete Edition],23.13
Wizard of Legend,37.25
Wolfenstein Alt History Collection,37.25
Wolfenstein II: The New Colossus [Collector's Edition],44.94
Wolfenstein Youngblood [Deluxe Edition],9.99
Wolfenstein: Cyberpilot,16.98
Wolfenstein: The New Order [Occupied Edition],200.88
Wonder Boy The Dragon's Trap [Collector's Edition],60.00
Wonder Boy: Asha in Monster World,49.37
Wonderful 101: Remastered,25.59
Wordhunters,19.00
World End Syndrome [Day One],62.92
World Poker Championship,20.69
World of Final Fantasy [Limited Edition],29.44
World of Simulators,13.41
World of Warships Legends [Firepower Deluxe Edition],14.88
World to the West,14.84
Worms Battlegrounds + Worms W.M.D,18.99
Worms W.M.D,23.83
Worms W.M.D All Stars,27.53
Worse Than Death,49.99
Wreckfest [Deluxe Edition],41.18
Wuppo,29.56
X-Morph: Defense,42.00
XIII,56.00
XIII [Limited Edition],48.94
Xenon Racer,58.00
Xenon Valkyrie +,39.99
Xuan-Yuan Sword VII,67.50
Yaga,44.53
Yaga [OST Bundle],62.50
Yakuza 0 [Playstation Hits],18.38
Yakuza 6: The Song of Life [Essence of Art Edition],20.95
Yakuza 6: The Song of Life [Premium Edition],92.16
Yakuza Kiwami 2 [Steelbook Edition],78.93
Yakuza Kiwami [Playstation Hits],27.70
Yakuza: Like A Dragon [Day Ichi Edition],45.00
Yakuza: Like a Dragon,37.00
Yesterday Origins,15.63
Yoku's Island Express,11.18
Yomawari Midnight Shadows Limited Edition,75.03
Yooka-Laylee and the Impossible Lair,18.85
Ys IX: Monstrum Nox [Limited Edition],167.49
Ys IX: Monstrum Nox [Pact Edition],53.34
Ys VIII Lacrimosa of DANA [Limited Edition],399.00
Ys VIII: Lacrimosa of DANA [Day One],167.00
Ys: Memories of Celceta [Timeless Adventurer Edition],36.76
Yu-No: A Girl Who Chants Love at the Bound of this World,30.08
Yu-No: A Girl Who Chants Love at the Bound of this World [Limited Edition],
Yumeutsustu Re:Master Bundle Pack,
Zen Studios VR Collection,29.99
Zengeon,29.99
Zero Time Dilemma,29.00
Ziggurat,20.00
Zombie Army 4: Dead War [Collector's Edition],
Zombie Vikings,18.27
eFootball PES 2020,17.99
eFootball PES 2021,28.00
void tRrLM(); //Void Terrarium,43.49
void tRrLM(); //Void Terrarium [Limited Edition],55.00
